,Times,0,1,10,11,12,13,2,3,4,5,6,7,8,9
0,-16.402087633481482,0.11831226143837673,0.04832597200142787,0.03366826553617995,0.0803631048840079,0.10416464826633692,0.10285388146708452,0.11106854990745584,0.09559100420006315,0.05377790650651814,0.039661296610215224,0.03732745698248927,0.03373925599827288,0.06261444394549211,0.07853195225607967
1,-15.402087633481484,0.11836199180070583,0.04864710278550416,0.03366826555303775,0.08035903619678658,0.10376438068811691,0.10285388145022671,0.11108777858739316,0.09588331397493063,0.05378917488699974,0.039661096175371106,0.037326612453373605,0.03369926945120667,0.06236650478655136,0.07853159120979594
2,-15.101057637817503,0.11841171411415304,0.04896695934168636,0.03366826556989555,0.08035496771540786,0.10336565121175069,0.1028538814333689,0.11110693765103992,0.09617445388230142,0.05380039661008401,0.03966089574737031,0.0373257680014466,0.03365933100098518,0.06211954755533829,0.07853123016517204
3,-14.800027642153522,0.1185111424651826,0.04960413387813612,0.03366826560361115,0.08034683116431586,0.10257125666473267,0.1028538813996533,0.11114511709534097,0.09675440302059433,0.05382274711059961,0.03966049490499557,0.03732407925150924,0.033579550175767706,0.061627589186317173,0.07853050807924385
4,-14.62393638309784,0.1186105379087439,0.05023625100387754,0.03366826563732675,0.0803386954365154,0.10178296735516595,0.1028538813659377,0.11118302027177827,0.09732970890601086,0.053844912457383695,0.03966009408975496,0.03732239080848458,0.03349996126415092,0.061139527494914775,0.07852978599995487
5,-14.49899764648954,0.11870989973766251,0.05086335002854554,0.03366826567104235,0.08033056053192764,0.10100073633898002,0.1028538813322221,0.11122064936680184,0.09790040758042101,0.053866894119011056,0.03965969330141069,0.037320702670539566,0.03342056379313904,0.060655331600991784,0.07852906392730505
6,-13.954929602139265,0.11970152470521842,0.05686649367456968,0.033668266008198354,0.08024925674577271,0.09350189691043385,0.10285388099506611,0.11158231876850148,0.10336146941341315,0.054076912276626796,0.039655686848360815,0.037303837690456136,0.032637017880899316,0.056019594516536174,0.0785218435659472
7,-13.720846396105896,0.12068906243282088,0.06240901526718896,0.03366826634535436,0.08016803519365101,0.08655967198955242,0.10285388065791011,0.11191886860543322,0.10839957537149371,0.05427009912929188,0.03965168283862369,0.03728700129756244,0.03187210305746859,0.051738113945211495,0.07851462386843747
8,-13.569578720775247,0.12167192563234477,0.06752534408042876,0.033668266682510356,0.08008689579665841,0.0801328886539666,0.10285388032075411,0.1122322089976017,0.11304629494930124,0.05444773773303176,0.03964768106990146,0.037270191886122864,0.03112536838240393,0.04778391098025918,0.0785074048347151
9,-13.457604961331315,0.12264958858464124,0.07224745068705749,0.033668267019666354,0.08000583847534883,0.07418328168828286,0.10285387998359811,0.11252411086727156,0.11733094454264203,0.0546110176911678,0.03964368135796089,0.03725340796490434,0.03039637275483254,0.04413197191790706,0.07850018646471914
10,-13.29676068384438,0.12456083059413894,0.080518385758912,0.03366826768464279,0.07984620850783655,0.06371210369884646,0.10285387931862168,0.113043240265509,0.12482394644552781,0.05489516622485103,0.039635798076209185,0.03722037429902599,0.029008904094733202,0.037726943490727,0.07848595154041858
11,-13.179650983618174,0.12644707607698003,0.08757146634314401,0.03366826834961922,0.07968689689281507,0.054718687068623865,0.10285387865364526,0.11349640514371545,0.1311979883104506,0.05513516994451505,0.03962792105320398,0.0371874250619288,0.027685604764068446,0.032251493139975045,0.07847171919731546
12,-13.087507045018182,0.12830603179705402,0.09357976306449656,0.03366826901459564,0.07952790301536694,0.046995108677065196,0.10285387798866884,0.11389312549497821,0.13661180996839686,0.05533742501039366,0.03962004939128219,0.03715455217507329,0.026423461222549325,0.02757113374513751,0.07845748943494203
13,-13.011532490132373,0.1301359585524798,0.09869259498906281,0.03366826967957205,0.07936922625906787,0.04036170714963192,0.10285387732369243,0.11424159124002385,0.14120238198986787,0.055507434378868244,0.03961218235813692,0.03712174866552703,0.025219604425818495,0.023570160735420388,0.0784432622528306
14,-12.946890777622109,0.1319356142103535,0.1030376174742286,0.03366827034454846,0.07921086600625353,0.03466462484941688,0.10285387665871602,0.11454878137870371,0.14508681858153516,0.055649887779249285,0.03960431937056658,0.03708900856870751,0.024071306918947665,0.020149970208259857,0.07842903765051355
15,-12.838624304823334,0.13552227949705234,0.10998167441585562,0.033668271705882304,0.07888765688711624,0.025386074607873052,0.10285387529738217,0.11507308783189125,0.15124375873300605,0.05587181221319864,0.03958823312316636,0.0370221603648975,0.02188303414692517,0.014618155961571351,0.07839992521418225
16,-12.752033779827974,0.1389758742981123,0.11489710859963981,0.03366827306721612,0.07856576632582031,0.01859363103210828,0.10285387393604835,0.11548902199070067,0.15553268352824798,0.05602167603052327,0.03957215932025243,0.0369555222727102,0.019896209869769234,0.010607376145073408,0.07837082358377791
17,-12.695668549988689,0.14153388201869282,0.11764358371623647,0.0336682741109002,0.07831987441467848,0.014642919129165323,0.10285387289236426,0.11575349916297466,0.15787878546999382,0.0561005340873531,0.03955984359958634,0.03690455911009885,0.018497659963772766,0.008294192564535952,0.07834851975964724
18,-12.645785477997144,0.14401573448191318,0.11970869660845504,0.03366827515458426,0.07807475199772673,0.011532526167218355,0.1028538718486802,0.11598177138369269,0.1595961588785792,0.05615551996593653,0.039547534052261385,0.036853695447412196,0.017198780339476683,0.006486461391289397,0.07832622228277444
19,-12.601046226238399,0.14642361221157993,0.12123963776066617,0.03366827619826831,0.07783039668448692,0.009082871873918262,0.10285387080499614,0.1161816928422418,0.16082005651118117,0.056191915040330144,0.039535230612621694,0.0368029243392829,0.015992422946549692,0.00507316102252348,0.07830393115135369
20,-12.560488424931524,0.1487601655166594,0.1223513559649386,0.033668277241952344,0.07758680608811629,0.007153355953445402,0.10285386976131211,0.11635936483115579,0.16165615901123037,0.05621382255766239,0.03952293338533516,0.03675224034040016,0.014871962615369768,0.003968040368842901,0.07828164636357962
21,-12.523396828705046,0.15102834885667457,0.12313353450742996,0.033668278285636365,0.07734397782622007,0.005633962015100482,0.1028538687176281,0.11651951844881393,0.16218696960581566,0.05622442475560808,0.03951064259787493,0.03670163918135881,0.013831255152122454,0.003104212132069509,0.07825936791764738
22,-12.489225336659914,0.15323126110166296,0.12365730184002141,0.03366827932932037,0.07710190952159934,0.00443729036754133,0.1028538676739441,0.1166658918905788,0.16247796436277476,0.05622623620680794,0.03949835855299985,0.036651117456211114,0.012864600517077012,0.0024288253677087228,0.07823709581175262
23,-12.447877397961905,0.15604473358461673,0.12404554781354224,0.03366828070707109,0.07678351872644458,0.00323775284216727,0.10285386629619338,0.11684284910909716,0.16258012904418034,0.05621841794848909,0.03948215352064054,0.03658454169897476,0.011693025905254806,0.0017574783404655024,0.07820770446286285
24,-12.410126129311463,0.15875732333031808,0.124176437069788,0.03366828208482178,0.07646644267782607,0.0023625743753555913,0.10285386491844269,0.11700584500755247,0.16244225689750694,0.056202043500845254,0.039465961782159206,0.03651809500175932,0.010630161217875779,0.0012723879807775465,0.07817832415497164
25,-12.375395580525021,0.16137617849815275,0.12412083885636058,0.03366828346257245,0.07615067595526075,0.001723996856546301,0.10285386354069202,0.11715853783830342,0.16212981045250283,0.056179573970126025,0.0394497842959663,0.03645177385150994,0.009665891153021628,0.0009218363850531684,0.0781489548839322
26,-12.343237948241223,0.16390816368998257,0.1239302214913314,0.033668284840323096,0.07583621315825363,0.0012581025493199533,0.10285386216294139,0.11730356537409477,0.16169042300395822,0.05615278367537212,0.03943362202762722,0.03638557564119422,0.008791046651209698,0.0006685390887928501,0.07811959664559925
27,-12.31329817050271,0.16635978101656404,0.12364209658251676,0.03366828621807371,0.07552304890687737,0.0009181897315605344,0.10285386078519076,0.11744283734559217,0.1611588924774055,0.05612295675364677,0.03941747592177873,0.03631949841673889,0.007997314970479851,0.00048551143774617264,0.07809024943582911
28,-12.285289962874874,0.16873713234590496,0.12328377136452978,0.0336682875958243,0.07521117784214955,0.0006701831081657283,0.10285385940744017,0.11757773493854573,0.16056062450610972,0.056091021326258206,0.03940134688575143,0.036253540702578683,0.007277158773692859,0.0003532479525696976,0.07806091325047959
29,-12.253622653682658,0.17152505190261977,0.12278383373933573,0.03366828926443547,0.07483519070892664,0.00045781469063861386,0.10285385773882899,0.11773666149912188,0.15977287354354258,0.056050465415598834,0.03938183689032318,0.036173816905003646,0.006493735014934523,0.00024117410705549365,0.0780253985796351
30,-12.224108320358406,0.17422163694000709,0.12223485412143696,0.03366829093304661,0.07446108314551368,0.00031273820777882476,0.10285385607021785,0.11789187206571967,0.15893770198424115,0.05600862765541709,0.03936235461468249,0.036094265250295306,0.005797334795085502,0.00016548415064028364,0.07798990006591792
31,-12.196472756521118,0.17683530495537375,0.12165368415944816,0.033668292601657705,0.07408884575778142,0.0002137843534352585,0.10285385440160676,0.11804420074250316,0.1580710362753457,0.05596606483391057,0.039342901364735006,0.03601488461210869,0.005178273268808265,0.0001144549713071195,0.07795441770197883
32,-12.17049101929345,0.17937364948906528,0.12105198390115345,0.03366829427026876,0.07371846919792562,0.00014628799679982195,0.1028538527329957,0.11819422167945445,0.15718398965333394,0.055923158092340046,0.03932347832760526,0.03593567411308696,0.004627942197745314,8.004686775378762e-05,0.07791895148047197
33,-12.145976292317009,0.18184350116781925,0.12043774774916857,0.03366829593887978,0.07334994416443212,0.00010018616304862342,0.10285385106438469,0.11834232693439259,0.15628426685835972,0.05588016539879737,0.03930408657747112,0.03585663305334463,0.004138692239936196,5.6801295910887814e-05,0.07788350139405477
34,-12.118089838143469,0.18474517138774257,0.11968629098037177,0.03366829795510421,0.07290710322107419,6.361510444126554e-05,0.10285384904816026,0.11851909490699054,0.15518751136306927,0.05582833769050768,0.039280698152931275,0.03576135101986098,0.0036194111090946746,3.858037698967294e-05,0.07784068768366197
35,-12.091886469983578,0.18756533645104878,0.11893059862068564,0.033668299971328586,0.07246693584973232,4.0552783772515945e-05,0.1028538470319359,0.11869375360980854,0.1540861430223651,0.055776825636225456,0.039257358336815165,0.03566631469649875,0.003168904237329747,2.7232244813258342e-05,0.07779789750764055
36,-12.067174535024472,0.19031239833690275,0.11817473205750706,0.0336683019875529,0.07202942590818735,2.5888622259701123e-05,0.10285384501571158,0.11886650416487675,0.1529843309215811,0.05572575147524877,0.03923406846421185,0.03557152334913201,0.0027780116978170545,2.008714595530718e-05,0.07775513085305612
37,-12.04379335977477,0.19299367327008923,0.11742106048174,0.033668304003777155,0.07159455735289037,1.6642479283163525e-05,0.10285384299948733,0.11903746664334902,0.15188463039408512,0.05567518217157191,0.03921082969979043,0.03547697633231065,0.0024388196530406854,1.562681160376041e-05,0.07771238770698148
38,-12.017471386029886,0.1961128905122758,0.11652760997872817,0.033668306407345826,0.07107957369085544,1.0008047301663447e-05,0.10285384059591866,0.11923905137935717,0.150578841871478,0.05561561432287586,0.03918319462684937,0.03536458394681381,0.0020925650811156452,1.2455827116287328e-05,0.07766146371196866
39,-11.992653993489707,0.19915697782164601,0.11564121107997824,0.03366830881091441,0.07056829430037187,6.138440781452786e-06,0.10285383819235007,0.11943831197080633,0.1492806045633508,0.05555686414334329,0.03915563510688624,0.03525253697805532,0.0018000965609988261,1.0608945025114096e-05,0.07761057308549237
40,-11.969178437196184,0.20213384565416861,0.11476275615556016,0.03366831121448292,0.07006069253712957,3.907071711683311e-06,0.10285383578878156,0.11963530990832716,0.1479911349647516,0.05549894698136679,0.03912815239474041,0.035140834518318696,0.0015530206550253326,9.53634994430715e-06,0.07755971580569154
41,-11.946907028145844,0.20505022195638173,0.11389276512713316,0.033668313618051345,0.06955674194819066,2.642609801718816e-06,0.10285383338521313,0.119830090710528,0.1467112428195964,0.055441866899273044,0.039100747552749095,0.03502947568762335,0.0013442495881657586,8.916246573525e-06,0.0775088918507194
42,-11.924597874848594,0.20806616354685242,0.11298491840998505,0.03366831615249308,0.06902927727561232,1.8866786098384655e-06,0.10285383085077139,0.12003311698419233,0.14537265856362333,0.05538258352968926,0.0390719358592612,0.03491242466449211,0.0011590253188478658,8.52554306774714e-06,0.07745533662250235
43,-11.90337893918692,0.21102689306212669,0.11208701091892116,0.03366831868693472,0.0685058124506947,1.4566995782478585e-06,0.10285382831632975,0.12023375562938365,0.14404578586301117,0.05532422115360843,0.03904321262629528,0.034795753759016605,0.001003852884700781,8.279552290104088e-06,0.07740181839710902
44,-11.883148612497395,0.2139372149026769,0.11119909712435529,0.03366832122137627,0.06798631714244768,1.2169694121545492e-06,0.10285382578188819,0.12043203765026907,0.14273089579202491,0.05526676852459723,0.03901457858856344,0.034679461991169655,0.0008738092319201411,8.117930321562471e-06,0.07734833714897782
45,-11.863818860821205,0.21680119632529926,0.1103211796802975,0.03366832375581774,0.067470761249765,1.0833054261126313e-06,0.10285382324744673,0.12062799235492071,0.1414281716184297,0.05521021317901988,0.03898603435566113,0.034563548389045975,0.0007647768572056869,8.002829100098088e-06,0.0772948928525648
46,-11.824521054046158,0.22288784314873275,0.10844557944726858,0.03366832926960957,0.0663626105566236,9.296365058621734e-07,0.1028538177336549,0.12104639594015028,0.13863656963876853,0.05509020992160995,0.038924247610097135,0.03431267474954742,0.000584233642276043,7.808820078152691e-06,0.07717874988507759
47,-11.788485977436341,0.22879853375409043,0.10661635218931505,0.03366833478340097,0.06527266010592479,9.04195321829243e-07,0.1028538122198635,0.12145419079041911,0.13590343596967447,0.05497424555273718,0.03886289198059848,0.034063576530368865,0.000460611421531079,7.669080130728342e-06,0.07706278142662389
48,-11.755213138524397,0.2345527202266972,0.1048324506373568,0.03366834029719195,0.06420061105352504,1.0610162175226938e-06,0.10285380670607253,0.12185163861145257,0.13322844972479653,0.054862171404305764,0.03880196976850054,0.03381624392093464,0.00037592678335739377,7.622634540795209e-06,0.07694698721505112
49,-11.724309047385194,0.24016516311072414,0.10309308093826935,0.033668345810982506,0.06314616935723721,1.0468675643720918e-06,0.10285380119228198,0.12223900951207015,0.13061126898667375,0.05475385116672664,0.03874148234414876,0.03357066711466207,0.0003172409039363603,7.505706130980295e-06,0.07683136698859214
50,-11.695458733241248,0.24564635535024842,0.10139727137784657,0.03366835132477264,0.06210904583859359,7.005824697992195e-07,0.10285379567849184,0.1226165635413373,0.12805115778649603,0.05464914872144265,0.03868143021653298,0.03332683632623973,0.00027621056504219233,7.2122046111657305e-06,0.07671592048587546
51,-11.683458282542391,0.24799669925429743,0.1006712177824223,0.033668353728341475,0.06166229108401677,6.622967855519748e-07,0.102853793274923,0.12277812954787777,0.12695261035029712,0.05460459896317296,0.0386553885501093,0.03322108969486859,0.00026237986447215676,7.136206785761268e-06,0.07666564940163018
52,-11.671780532110892,0.25032419780071963,0.09995298440148837,0.03366835613191023,0.0612187498425542,7.527843280005565e-07,0.10285379087135424,0.12293788933962424,0.12586448930198724,0.05456069423330604,0.038629429562024045,0.03311567219010629,0.0002504478094164372,7.134472985193869e-06,0.07661541125819621
53,-11.660408580196092,0.2526293283444422,0.0992426258235704,0.03366835853547891,0.060778398997535024,7.859562353064199e-07,0.10285378846778556,0.12309587003700727,0.12478683690088728,0.05451742845664082,0.03860355320096978,0.033010582994521795,0.00024013314265849744,7.103108275182513e-06,0.07656520603399235
54,-11.64932681909997,0.25491254252413703,0.09854003658945573,0.0336683609390475,0.060341215600812986,7.80878762932093e-07,0.10285378606421697,0.12325209066001645,0.12371954710210856,0.0544747904228737,0.03857775940577524,0.032905821297543936,0.0002311852578862321,7.049549911383688e-06,0.07651503370745172
55,-11.638035963403867,0.2572765886323729,0.0978136696802577,0.03366836345186725,0.059887520372472025,7.86164951314956e-07,0.10285378355139721,0.12341355078540331,0.12261467424057726,0.054430871425670414,0.03855088137863495,0.03279664699675053,0.00022304652837716547,7.0007822906581555e-06,0.07646261600897766
56,-11.627031226287036,0.25961755966462075,0.09709555877931475,0.03366836596468691,0.05943723637234491,7.895592741200496e-07,0.10285378103857755,0.12357312831882158,0.12152088380843719,0.054387613641090474,0.03852409341549249,0.03268782882985542,0.0002159741596428126,6.952229225746393e-06,0.07641023421861567
57,-11.616298464501707,0.26193585741045644,0.09638560534886369,0.03366836847750649,0.058990337952565974,7.864595802392227e-07,0.10285377852575797,0.12373084501967034,0.12043806904453916,0.05434500534840404,0.03849739540834087,0.03257936586835315,0.0002097962614165113,6.900562773810516e-06,0.07635788831177175
58,-11.58457894633036,0.2689911374041421,0.09423279452457876,0.03366837627738754,0.05762445638480106,7.676404508582387e-07,0.10285377072587691,0.12420876357219449,0.11714573152700834,0.05421676622812342,0.038415095528810714,0.03224494600484149,0.00019502387867483857,6.737242372921816e-06,0.07619563306073698
59,-11.555019269532943,0.27584154088280116,0.09215451523850787,0.03366838407726775,0.05629019073447971,7.937313416248867e-07,0.1028537629259967,0.1246695802253377,0.11395464463489219,0.05409432658059019,0.03833365700534568,0.03191391143099905,0.00018436755089876723,6.602413400056944e-06,0.07603372256814199
60,-11.52734395704965,0.2824952271236252,0.09014795552402666,0.03366839187714712,0.05498681911402808,8.509354034796082e-07,0.10285375512611733,0.12511388142257188,0.11086157686290161,0.053977368484647674,0.03825307493663732,0.03158623467294821,0.00017621252324706064,6.49528528154607e-06,0.07587215611141727
61,-11.501327090675382,0.2889595046818668,0.08821045466390166,0.03366839967702564,0.0537136262071018,8.240007428268797e-07,0.10285374732623881,0.12554224324530724,0.1078633915168149,0.05386558766830681,0.03817334371178428,0.03126188784996792,0.00016970043823827407,6.356053038257593e-06,0.07571093295966516
62,-11.484736937347447,0.293186167347972,0.0869502271242388,0.033668404900364365,0.05287751404026615,7.292775990099705e-07,0.10285374210290009,0.1258204828502882,0.10590703967804177,0.053793474149847975,0.03812042264549242,0.031046529804727472,0.0001658912074161035,6.216558612512915e-06,0.07560315831223355
63,-11.468757282180494,0.2973329186606465,0.08571899644212833,0.03366841012370271,0.052054416800995686,6.469990127447437e-07,0.10285373687956174,0.1260919793504316,0.1039909024117185,0.05372346724489691,0.03806787841194596,0.030832644200821283,0.00016239326086679086,6.072136667036694e-06,0.07549553707660461
64,-11.453344784127756,0.3014016178798206,0.08451597279784173,0.033668415347040674,0.051244131898491245,6.312415488113815e-07,0.10285373165622377,0.12635688517469593,0.10211404245130504,0.05365548374279191,0.038015708945464875,0.03062022265980341,0.00015912251499054295,5.964655539400587e-06,0.07538806903444242
65,-11.424400624137208,0.3092206012858827,0.08221842476115969,0.03366842567160911,0.049679487111147884,8.312080567563899e-07,0.10285372133165534,0.1268616458144027,0.09851659807768791,0.05352677761148404,0.03791368429690811,0.030204622471938943,0.00015314774801992895,5.937480312634586e-06,0.07517609512973467
66,-11.41745626067453,0.3111304357659727,0.08166021033376779,0.03366842825275099,0.04929583889422846,8.431893119285834e-07,0.10285371875051345,0.12698404820414108,0.09763992323540704,0.053495717928245985,0.037888403495453186,0.030101603126014873,0.0001517209198293284,5.9130699372918264e-06,0.0751231948344263
67,-11.410621192165875,0.313022655001068,0.08110842464944977,0.03366843083389277,0.04891515418021233,7.248839395838052e-07,0.10285371616937167,0.12710497257250464,0.09677223969573182,0.05346509394237938,0.03786321230974874,0.029998934216989702,0.00015032055417695144,5.789226758548319e-06,0.07507033176377649
68,-11.403892031538817,0.3148974670651977,0.08056281942046294,0.03366843341503446,0.048537409267285635,6.651179871222957e-07,0.10285371358822998,0.1272244262846012,0.09591329396303408,0.053434890116038955,0.03783811044460517,0.029896614710724852,0.00014894331089402373,5.707405146508334e-06,0.07501750589075773
69,-11.397265546770551,0.3167550641453508,0.08002332055850905,0.03366843599617606,0.04816258145245335,6.574051754883076e-07,0.10285371100708837,0.12734242595549475,0.09506299303408959,0.053405098176666214,0.03781309760687477,0.029794643597986885,0.00014758741778179258,5.666457153153788e-06,0.07496471718920006
70,-11.390910169371484,0.31854714419199115,0.07950394361995386,0.033668438508991254,0.047800454959205305,6.401849273334049e-07,0.10285370849427318,0.12745592534200817,0.0942434562561022,0.05337648438897629,0.03778883210998881,0.029695705440256678,0.00014628647767336348,5.618467936247309e-06,0.07491336155771654
71,-11.384646455503438,0.32032325950055696,0.078990255609056,0.03366844102180636,0.04744105121835564,6.232153071592775e-07,0.10285370598145807,0.1275680797428161,0.09343197575675762,0.05334824768470381,0.037764650429575615,0.02959709558711448,0.00014500330620718935,5.5698393971982626e-06,0.0748620411068882
72,-11.378471798592471,0.32208358075273114,0.07848218130152851,0.03366844353462138,0.047084349758339916,6.129150754915114e-07,0.10285370346864305,0.127678903411918,0.09262845974786374,0.05332038048146292,0.037740552285062866,0.029498813109141393,0.00014373691519668644,5.52650579625211e-06,0.07481075581261899
73,-11.36805833664582,0.32507324428317347,0.07762169834849222,0.03366844785422212,0.046477420709033886,6.024510084008987e-07,0.10285369914904231,0.12786634874063557,0.09126554319936088,0.0532733171138523,0.037699321206905105,0.02933062485442056,0.00014159662325621125,5.458456874804354e-06,0.07472267700972245
74,-11.357888731698718,0.3280175704202703,0.07677728019522113,0.0336684521738226,0.045878315082203996,5.940837318795457e-07,0.10285369482944183,0.12804997752491062,0.08992550016628452,0.05322728958943763,0.03765833467778786,0.029163396550682,0.0001395000220189548,5.392780979183178e-06,0.07463470190320777
75,-11.347951823565229,0.3309173823304021,0.07594859850728782,0.033668456493422816,0.04528693203256938,5.840921456907204e-07,0.10285369050984161,0.12822986077750478,0.088607916071833,0.05318226342104609,0.03761759121171425,0.028997123486786403,0.0001374442814651839,5.32641296878e-06,0.07454683037101242
76,-11.30429550861325,0.3439051328838424,0.07227464052845421,0.03366847668681379,0.04262199601652257,4.178768990434062e-07,0.10285367031645064,0.12902300337791148,0.08273519332188874,0.05298414978297271,0.037430303137675876,0.028232363498011604,0.00012832248148610746,4.913728073634991e-06,0.07413741636299749
77,-11.294034240733852,0.3470122950773834,0.07140496363720392,0.03366848173516065,0.04198060527357917,3.976702224957236e-07,0.10285366526810379,0.12920954661234027,0.08133745781273116,0.05293753525134322,0.03738428703745859,0.028044361938150214,0.0001261544907872083,4.8335630879050465e-06,0.07403541463244832
78,-11.28400983469574,0.3500657321587713,0.07055383081332862,0.03366848678350715,0.041348868986511134,5.050441352627843e-07,0.10285366021975728,0.12939157126112336,0.07996667632499968,0.05289199425722511,0.03733858831226213,0.02785762143239317,0.00012403301763678836,4.878149746672002e-06,0.07393355323860266
79,-11.274211601754706,0.3530665835214131,0.06972094990687966,0.0336684918318533,0.04072663921364658,5.769986773784911e-07,0.10285365517141114,0.12956918548445953,0.07862241120567863,0.052847489187479724,0.037293204324267956,0.02767213443774652,0.00012195296158477497,4.893769159178135e-06,0.0738318319857428
80,-11.264629560748851,0.3560159367877922,0.0689060077075556,0.0336684968801991,0.04011377288841998,5.004833731473161e-07,0.10285365012306534,0.12974249063066753,0.07730421057634966,0.05280398336287306,0.03724813243930535,0.027487893536624113,0.00011991322569257791,4.760676988350922e-06,0.07373025068109428
81,-11.260076914557109,0.3574220984606478,0.06851869702149832,0.03366849931809676,0.039821122934897445,4.732642537746468e-07,0.10285364768516768,0.1298246620057368,0.07667674693532142,0.05278331626612223,0.037226477705092784,0.02739936563489731,0.00011894255486726119,4.704132252961014e-06,0.07368124608114775
82,-11.255571498418629,0.35881661848753216,0.06813535577082692,0.03366850175599434,0.03953060799867278,4.812355209145452e-07,0.1028536452472701,0.12990585449545922,0.0760551097045626,0.05276286473798024,0.037204894834299694,0.02731112577248377,0.00011798107761601008,4.6848308907204545e-06,0.07363227405089087
83,-11.251112342438828,0.3601996125475782,0.06775597507921448,0.033668504193891835,0.03924221250393562,4.880779620471151e-07,0.1028536428093726,0.1299860806420861,0.07543927271490115,0.052742626138861444,0.03718338352459268,0.027223173117391353,0.00011702866013826535,4.665421394001551e-06,0.07358333456868052
84,-11.246417100763914,0.36165872988377684,0.06735658161555011,0.033668506788059965,0.03893764074245205,4.875227757708292e-07,0.10285364021520448,0.13007039971430884,0.07479026972456991,0.05272131952762481,0.03716057157201567,0.027129897115670043,0.0001160250250861494,4.6367973221902915e-06,0.07353129375558351
85,-11.241772077814764,0.36310506385904867,0.0669615703487025,0.033668509382228005,0.03863543285232256,4.842996967797557e-07,0.10285363762103644,0.13015364743497365,0.07414769901910162,0.05270024407838687,0.03713783993944511,0.027036944384921907,0.00011503141822627637,4.605615473519749e-06,0.07347928974643642
86,-11.237176210704437,0.364538750130592,0.06657088591122795,0.03366851197639595,0.03833557048705091,4.809490438858772e-07,0.10285363502686849,0.1302358350738622,0.0735114886744858,0.052679394604807576,0.03711518825954914,0.02694431392884651,0.00011404772654098921,4.574735513703073e-06,0.0734273225152152
87,-11.210597975711812,0.3728759787666458,0.06431656572531841,0.033668527529228755,0.03658602190995991,5.018849974238409e-07,0.10285361947403568,0.13070693698453817,0.0698269235098682,0.052558873369878106,0.03698104108940196,0.0263956703328009,0.00010835227583317422,4.454352612051841e-06,0.07311653279488181
88,-11.204200010283204,0.37489334937321706,0.06377570882176806,0.033668531417436434,0.03616124690510305,5.010980817373889e-07,0.102853615585828,0.130819105127418,0.06893940989911577,0.052529862737126114,0.03694794174898233,0.026260288361087573,0.00010698069682692156,4.417123127895336e-06,0.07303904110488135
89,-11.197894932038968,0.3768847463676182,0.06324367966076049,0.0336685353056439,0.035741404444849426,4.5913514513837605e-07,0.10285361169762054,0.13092910157998527,0.06806497774273411,0.052501274234317066,0.036915014940193475,0.02612561152607634,0.00010562936565269939,4.322457562548262e-06,0.07296163154184106
90,-11.191680082414273,0.3788505844482699,0.06272025121510715,0.033668539193851155,0.0353264364595241,4.342503234719834e-07,0.10285360780941329,0.13103695520864872,0.06720335210653253,0.05247308944905046,0.03688225938850701,0.025991636487901905,0.00010429797777437108,4.251987296717147e-06,0.07288430401779948
91,-11.179510991148868,0.38270716403765764,0.06169863288846868,0.033668546970265036,0.034510899240996325,4.0178297139389316e-07,0.10285360003299941,0.1312463695707717,0.06551774445383014,0.0524178786474077,0.03681725699172179,0.02572577863077491,0.0001016937351722406,4.138278057807401e-06,0.07272989473922638
92,-11.167673608805371,0.38646620429941453,0.06070966877148356,0.03366855474667808,0.033714190260921026,4.0312804766360706e-07,0.10285359225658637,0.13144760881189094,0.06388098746519348,0.05236412372091935,0.036752924420632146,0.025462688507632,9.916545481219621e-05,4.0755817141796565e-06,0.07257581257480776
93,-11.1561503305485,0.3901307190633134,0.05975225553325401,0.03366856252309027,0.03293587426862417,4.0649093216635746e-07,0.10285358448017418,0.13164092771978086,0.062291568277040424,0.05231172568704473,0.036689251520258405,0.025202339964344476,9.671068870149193e-05,4.016952837733717e-06,0.0724220568315829
94,-11.144924916904902,0.3937036167712903,0.058825309593471535,0.03366857029950163,0.03217552629627739,4.0081709896609996e-07,0.10285357670376281,0.13182656936298234,0.06074800482243949,0.052260589671088056,0.036626228128488356,0.024944706991497197,9.432709282569167e-05,3.946632221613814e-06,0.07226862681808957
95,-11.120723342210786,0.4014082623155034,0.05684920200514732,0.0336685877648808,0.030531223623512332,3.819924735657616e-07,0.10285355923838364,0.13221668750650353,0.05744113757531379,0.0521498944037585,0.0364869963477233,0.024375843609855983,8.922182384558816e-05,3.7863855776263004e-06,0.07192521540858515
96,-11.097799536897144,0.4086946747971267,0.055010342518249086,0.03366860523025572,0.028970971866393972,3.5748581830171057e-07,0.10285354177300872,0.1325717051989195,0.054342976780814664,0.05204418802376493,0.03635087511383626,0.023820258252125436,8.444036455060643e-05,3.6267956327054967e-06,0.07158343580111577
97,-11.076025315829256,0.41559084417127273,0.05329837923336953,0.033668622695626406,0.027490462506382887,3.3677166947363937e-07,0.10285352430763804,0.13289392134138264,0.05143913350403995,0.05194263919148248,0.036217750685913,0.023277664508875764,7.996028997757888e-05,3.4805532604780345e-06,0.07124328024104358
98,-11.055290865227569,0.4221226362441535,0.05170385065468784,0.033668640160992844,0.026085613286884943,3.19273034094495e-07,0.10285350684227161,0.13318544875858568,0.04871632472584119,0.05184452136977135,0.036087510629138335,0.022747780153142015,7.576088856272709e-05,3.3460034575329374e-06,0.07090474101140344
99,-11.024706113906053,0.4316702469569768,0.04942361070594654,0.03366866749467154,0.024029686760259416,2.9458199347131424e-07,0.10285347950859292,0.1335846913787777,0.044789402094514166,0.05169635991406708,0.03588920812403257,0.021943347670319836,6.970683491506525e-05,3.152468940460289e-06,0.07037814550761083
100,-10.996134282051832,0.4404677962418427,0.047379733837658755,0.03366869482833984,0.022135682315834435,2.672153842507169e-07,0.10285345217492461,0.13392029373598782,0.041232843573878394,0.05155297531451179,0.035697284729505535,0.021168318930918004,6.422640109145689e-05,2.9699029831536595e-06,0.06985546079789533
101,-10.969326693544584,0.44858848353598374,0.04554641479500538,0.03366872216199775,0.020390925427424655,2.4115755264564693e-07,0.10285342484126671,0.13419810777455224,0.03800917271858011,0.05141276626740075,0.03551134094396083,0.020421678574068194,5.926125762657265e-05,2.8026881262395847e-06,0.06933665785600258
102,-10.944078085761674,0.4560977873272887,0.04390084373703178,0.033668749495645266,0.018783723182012553,2.275702191173927e-07,0.1028533975076192,0.134423335589135,0.035084928660838614,0.05127444196254932,0.035330993870575575,0.019702438657121082,5.4759369088686624e-05,2.6652007058865655e-06,0.06882170786903867
103,-10.920217057487669,0.4630548686590238,0.04242264602386354,0.03366877682928239,0.01730323225544227,2.1789362360681992e-07,0.10285337017398208,0.13460065990256664,0.03242996591869528,0.05113694705740432,0.03515587770428162,0.019009637829459424,5.067383741916479e-05,2.5436875353135467e-06,0.06831058222657248
104,-10.894124937142166,0.4704923609857875,0.04089604295773416,0.03366880848883185,0.015733675282316898,1.9604383894088647e-07,0.10285333851443261,0.13475165809179573,0.02965603093622902,0.05097763649512074,0.03495912779961467,0.018239010885045495,4.6407128611944165e-05,2.399732930455096e-06,0.06772330665709039
105,-10.869511967106023,0.4773330443326772,0.03954531273156282,0.03366884014836737,0.014306479195621464,1.7523369969561108e-07,0.10285330685489709,0.13484971766872822,0.027170226520485303,0.05081734812750079,0.03476841761972694,0.01750119727669149,4.2585374042475134e-05,2.2690565669930256e-06,0.06714107985817018
106,-10.846219401699575,0.4836409580759939,0.03834928064524101,0.033668871807888946,0.013008733439911628,1.6352592657741738e-07,0.10285327519537552,0.13489984911705968,0.024940186633965487,0.0506553925862399,0.034583268381452294,0.016794842344397248,3.9158360080120696e-05,2.161454579296259e-06,0.06656385843044475
107,-10.824112754390853,0.489472544855553,0.03728956280512396,0.03366890346739658,0.011828705125442866,1.5163428770158455e-07,0.10285324353586787,0.13490646805114545,0.02293750614538602,0.050491296374696515,0.03440323355646711,0.016118640770203387,3.6082011276640386e-05,2.062317129261281e-06,0.06599159934896012
108,-10.803077093494842,0.4948777320320033,0.036350102968978504,0.03366893512689027,0.010755720473817409,1.3762424084814808e-07,0.10285321187637418,0.13487348639883073,0.021137145212124564,0.05032474902285826,0.03422789793527926,0.015471335573435252,3.331751709092374e-05,1.9682789492352825e-06,0.06542425995807392
109,-10.777771665936188,0.5011916697293701,0.03530925189652989,0.03366897530141922,0.00953310973408583,1.2374600254044427e-07,0.10285317170184523,0.13478003827961857,0.019109431430572234,0.05010960387668614,0.03401156835994673,0.01468963953359162,3.02051911753525e-05,1.8646704628732722e-06,0.06471134654728994
110,-10.753859899340181,0.506968410300985,0.03441501403928011,0.03366901547592571,0.008449502956463625,1.0948569141053283e-07,0.10285313152733873,0.13463461049390119,0.017333026443696255,0.04989009492437511,0.033801467256328925,0.013950165244923358,2.7479738712758534e-05,1.7706668520932633e-06,0.06400620144431048
111,-10.731196265770613,0.5122757902253896,0.03364650744615171,0.03366905565040976,0.0074890925993728345,1.0151792112380952e-07,0.10285309135285468,0.13444262518929115,0.015774341349509516,0.04966626422497432,0.03359694340894418,0.01325066390801876,2.5089234355116574e-05,1.6938832006203562e-06,0.06330874000895358
112,-10.709656905006957,0.5171724379080708,0.0329859737047408,0.03366909582487135,0.0066378441327237855,8.933825842762328e-08,0.10285305117839309,0.13420883390486624,0.014404503135207096,0.04943827590862072,0.03339741012359067,0.012588998557407062,2.2989040555562163e-05,1.6187210834582105e-06,0.06261887852219525
113,-10.689135525684938,0.5217087810934041,0.032418364387149144,0.033669135999310484,0.005883336885318729,8.946378873686564e-08,0.10285301100395396,0.13393738790913345,0.013198782032644709,0.04920638793182261,0.03320234062568484,0.011963140157472634,2.1141017763466015e-05,1.5673154886497974e-06,0.06193653417769489
114,-10.669540232048195,0.5259282056583562,0.0319310039792644,0.033669176173727174,0.005214585982700279,7.314028391052325e-08,0.10285297082953727,0.13363193331345294,0.012136063622709197,0.04897092486745184,0.03301126318808091,0.011371163264834847,1.9512529622564465e-05,1.4983795328401866e-06,0.06126162507176091
115,-10.641329079292852,0.531822507055836,0.03131948356192713,0.0336692372905922,0.004340099200775225,7.082473895525218e-08,0.10285290971267225,0.1331091831104737,0.010753271434974796,0.04860664963956945,0.0327272995560823,0.010531489760326496,1.739410564154832e-05,1.4344037765028546e-06,0.06024897034233431
116,-10.614839237282476,0.5371803986069859,0.030837365905352913,0.03366929840740527,0.0036122964804392805,6.406300385512531e-08,0.10285284859585918,0.13252497584564985,0.009606186655781801,0.048236166085005104,0.032450323540960294,0.009760010714119373,1.5637100781138476e-05,1.3734402031843365e-06,0.059253054558941504
117,-10.589872678441374,0.5420923406049244,0.030459486450251757,0.03366935952416637,0.003006556686551831,5.53505188406236e-08,0.10285278747909807,0.1318876930343538,0.008651505132153018,0.04786068140228822,0.03217925798491016,0.009051183079241484,1.417489502057235e-05,1.3173315179179725e-06,0.0582736010500787
118,-10.566263697373763,0.5466317936347588,0.030165825320963454,0.03366942064087552,0.0025023868004912654,5.077611322849499e-08,0.10285272636238893,0.13120448227063172,0.007854315081715298,0.047481326614122944,0.031913205381777464,0.008399902453811682,1.2953841692477497e-05,1.273112446700504e-06,0.057310337715744
119,-10.54387223815501,0.5508584050451594,0.029940485378777713,0.033669481757532704,0.0020827542320573256,4.693736581594864e-08,0.10285266524573175,0.13048146943830274,0.007186497031257801,0.04709913969545721,0.031651421423083304,0.007801471177614695,1.1930754988145218e-05,1.2349366447732064e-06,0.05636299695245623
120,-10.522578859364485,0.5548208672151486,0.02977074127129826,0.033669542874137925,0.0017334940886215295,4.2740713505025174e-08,0.10285260412912653,0.12972395147288585,0.006625265342869675,0.0467150442635963,0.031393291803363456,0.0072515680727022625,1.107067566539304e-05,1.2004764538519381e-06,0.05543131557867266
121,-10.493346905525751,0.560195488333464,0.029602436018012167,0.03366963180923429,0.0013272159755027253,3.792862821290924e-08,0.10285251519403017,0.12856934968052044,0.0059616409789892645,0.0461543359147579,0.03102318192323063,0.006529954755015707,1.0053073622695864e-05,1.158115762056888e-06,0.054103000303906516
122,-10.465959054400038,0.5651918505397282,0.029505829694950553,0.03366972074422062,0.0010162257892990221,3.510962351491129e-08,0.10285242625904384,0.12736350496948468,0.005439959514058819,0.04559331146781823,0.0306585422821366,0.005891701795994505,9.25230474396828e-06,1.124019177062204e-06,0.05280651551602988
123,-10.440196377826531,0.5698844167057775,0.029462565444498105,0.033669809679096926,0.0007781279070184174,3.245491220174377e-08,0.10285233732416753,0.12611654621323673,0.005026252884262773,0.04503358976706287,0.03029847370768971,0.005327038678372611,8.616372327634002e-06,1.0943759782153943e-06,0.051541098493110206
124,-10.415876758816026,0.5743296069737245,0.029459103422712515,0.03366989861386321,0.0005958019830575664,3.014141731127166e-08,0.10285224838940125,0.12483692538297941,0.004695100397405937,0.04447644886814057,0.02994232507142517,0.004827331113204556,8.106404144846713e-06,1.0684597370275705e-06,0.050306004785832824
125,-10.392847075012048,0.578570293305756,0.029485436917562793,0.03366998754851946,0.00045618918223469274,2.845777918540562e-08,0.102852159454745,0.1235317347886796,0.004427452749713717,0.04392288156187294,0.029589636370784517,0.004384952691324003,7.693297216218902e-06,1.0458996044934353e-06,0.04910050778047826
126,-10.370977352701145,0.5826394797253414,0.02953404035559918,0.03367007648306568,0.0003493015332498105,2.7049905615632715e-08,0.10285207052019878,0.12220697723654775,0.004208848418551068,0.043373638245299106,0.02924009223292853,0.003993169306235052,7.354969107616903e-06,1.0256586004343925e-06,0.04792389827155608
127,-10.345015762167868,0.5875398114348594,0.029617918740667125,0.03367018803891528,0.0002499733219592852,2.6230521932015883e-08,0.10285195896434918,0.12052532748368688,0.00398735008616126,0.04269164523939694,0.028805775864733252,0.00356422086526546,7.01093180950183e-06,1.0036388133551528e-06,0.04648778916584667
128,-10.32051897122366,0.592248684638091,0.029719616282650005,0.03367029959459176,0.00017896642225151408,2.369358913652144e-08,0.1028518474086727,0.11882928119546234,0.003809513540011843,0.04201811175833909,0.028375850925474125,0.0031953750248904155,6.733422955133015e-06,9.811426840768687e-07,0.045094714958083704
129,-10.297330477497823,0.5967946617280925,0.029833169988304875,0.03367041115009512,0.00012815600788282347,2.6195570411520956e-08,0.10285173585316934,0.11712573869800733,0.0036635541351124697,0.041353569803914775,0.027950214095900806,0.0028779050853310634,6.504488942416275e-06,9.666975929891021e-07,0.043743386079493025
130,-10.275317593357153,0.6011987731406924,0.0299544564381875,0.03367052270542536,9.176039075573598e-05,1.4483697036603038e-08,0.1028516242978391,0.11542034141472036,0.0035411352081224042,0.040698367572155406,0.027528853851487685,0.002604353200793865,6.3113855530213425e-06,9.34318274606233e-07,0.042432551600222565
131,-10.254366846461895,0.6054766434725226,0.030080529245576297,0.03367063426058248,6.569150889770043e-05,4.557485442985438e-08,0.10285151274268198,0.11371769847690698,0.0034362678983116068,0.04005270715368353,0.027111818018780782,0.0023683484604261305,6.1451274833693094e-06,9.599916942777663e-07,0.041160998073016555
132,-10.234380439752444,0.6096401999276431,0.03020952172659054,0.03367074581556648,4.703701790182094e-05,-4.739973350314191e-08,0.10285140118769798,0.11202161458660827,0.0033448243126717498,0.039416698862257786,0.026699188339196777,0.0021644484158106635,5.999052359088868e-06,8.197583927883698e-07,0.03992754840970131
133,-10.211191821771488,0.6145758828745465,0.030368238502590208,0.03367088184382924,3.133712161098245e-05,7.233233882814869e-09,0.10285126515943521,0.10996674656531578,0.0032465865309847927,0.03865423080172304,0.026202138992380455,0.0019525642563057984,5.841559843257852e-06,8.75762141622473e-07,0.038473402818920574
134,-10.189178825657951,0.6193685925728124,0.030526990790108715,0.0336710178718346,2.0905158353553127e-05,3.034597087769728e-08,0.10285112913142985,0.10793073525860429,0.0031592775958973755,0.0379060889086485,0.02571197123980208,0.0017744552551970188,5.700690207656346e-06,8.886635210455032e-07,0.037072216545016135
135,-10.16822797733675,0.624028457150769,0.030684531248873565,0.03367115389958255,1.3948186024224802e-05,1.5795815448314086e-08,0.1028509931036819,0.1059171002103517,0.003080032100922975,0.03717215427518136,0.02522886103150925,0.0016242674710467149,5.57207809696853e-06,8.526065029436845e-07,0.035722060849378706
136,-10.14824147832515,0.6285633422538134,0.030840018807080524,0.033671289927073085,9.302032751342732e-06,1.8482036481803952e-08,0.10285085707619136,0.10392854269227055,0.003006864992009905,0.03645225426860005,0.024752966868092578,0.0014971725778969922,5.452836926094088e-06,8.399434283621867e-07,0.034421077234780696
137,-10.129134445100432,0.6329796219846133,0.03099297777482659,0.033671425954306215,6.209418495904899e-06,2.0409419776536114e-08,0.10285072104895823,0.10196712730706366,0.0029384564531441974,0.035746185245356804,0.024284422944913647,0.0013891892959969618,5.340925350833648e-06,8.263444308014611e-07,0.03316747488960364
138,-10.110832730644983,0.637282702596956,0.031143079627819273,0.03367156198128194,4.157794942484735e-06,1.792347557419315e-08,0.10285058502198251,0.10003440568185565,0.002873828579488231,0.03505372224860207,0.023823335012176105,0.001297032961327195,5.234852718609073e-06,8.074998560410792e-07,0.03195952822072718
139,-10.086788587440608,0.6430413831719949,0.031345091084147125,0.03367174962665202,2.425667930193505e-06,1.6449895251425724e-08,0.10285039737661243,0.09741738850668737,0.002789609162746104,0.034120381282748725,0.023199650971281405,0.0011909624263772497,5.096205458807781e-06,7.846403349162745e-07,0.030365063437451437
140,-10.06400607348096,0.6486040007415801,0.031541005554867496,0.03367193727153227,1.4405945453359795e-06,1.7626686615098044e-08,0.10285020973173219,0.09485906013265712,0.002709942667881236,0.03321185555901259,0.022590416532845364,0.0011042364049358075,4.964694468566046e-06,7.657878008794507e-07,0.028850146703817085
141,-10.04235936467883,0.6539796899402057,0.03173075702482091,0.03367212491592268,8.610250668889682e-07,1.696000005381072e-08,0.10285002208734177,0.09236050098703565,0.002633978214324121,0.03232751181568205,0.021995663113288245,0.0010324804358295533,4.83902341889298e-06,7.451086977618655e-07,0.027410809344466564
142,-10.021740569200212,0.659176517170015,0.03191439706540086,0.03367231255982327,5.160520540800851e-07,1.6329880643431727e-08,0.10284983444344119,0.08992211528784548,0.0025611596824215905,0.031466716109176264,0.021415349268287517,0.0009723419358412089,4.7183555867485154e-06,7.250508200849617e-07,0.026043280684058572
143,-10.002056473877873,0.664201817476141,0.032092038155088994,0.03367250020323403,3.1865818627245377e-07,1.6023563859368882e-08,0.10284964680003043,0.0875438082459802,0.002491098357760148,0.030628843246681442,0.020849371705823367,0.0009212549122047218,4.60210256815078e-06,7.059231312746336e-07,0.02474397818729109
144,-9.983225996620726,0.6690624012276045,0.03226382114601547,0.03367268784615496,2.0979971388213664e-07,1.5563221811211546e-08,0.1028494591571095,0.08522512400415823,0.002423497185956322,0.029813283564726983,0.02029757557484871,0.0008772499529024719,4.489812103025919e-06,6.871062875938232e-07,0.02350949805872614
145,-9.952672621882316,0.677045048062072,0.032545703995405545,0.03367301015777929,1.4674985718819293e-07,1.4828758151124352e-08,0.10284913684548516,0.0813792968005548,0.0023125253600672848,0.028462770282056044,0.01938227770367338,0.0008140357858551013,4.305273071899925e-06,6.559979557292819e-07,0.021531072150814144
146,-9.924128172865263,0.6845899965016387,0.032811664559699846,0.03367333246795842,1.2432536116370734e-07,1.416718978807268e-08,0.10284881453530603,0.07770236394849436,0.0022073467443658778,0.02717343888998699,0.01850704153009829,0.0007619654899386224,4.130187956913708e-06,6.26364859030129e-07,0.01971914026824488
147,-9.897344690336686,0.6917243791564383,0.0330625909106185,0.03367365477669235,8.830969302724558e-08,1.3548330108760754e-08,0.10284849222657211,0.07418865534832522,0.0021073715752945145,0.025942512567324712,0.017670517060653538,0.0007174720324340856,3.96364528503168e-06,5.980905745082764e-07,0.01805969072673955
148,-9.872117466670522,0.6984730447244436,0.03329937080006098,0.03367397708398108,5.5026753293265674e-08,1.2940263621462472e-08,0.10284816991928337,0.0708320068810092,0.002012204454285378,0.024767336530512284,0.016871266223064396,0.0006782883841006201,3.8050247241316064e-06,5.710781166653185e-07,0.01653989090618027
149,-9.848275537013624,0.7048589610225834,0.03352286192356437,0.03367429938982462,4.5239837573951276e-08,1.2363430706771375e-08,0.10284784761343983,0.06762603976812884,0.0019215486601237342,0.023645380625082923,0.016107809667457312,0.0006430059834921733,3.6538545903141684e-06,5.45296813547996e-07,0.015147988571564368
150,-9.825674648005345,0.710903535645315,0.03373386620716323,0.03367462169422298,4.863027639765385e-08,1.1814560170257574e-08,0.10284752530904147,0.06456438701442903,0.0018351335446933135,0.022574235514728785,0.015378661782381642,0.0006107216413820222,3.509702505660454e-06,5.206870486892885e-07,0.013873220792398187
151,-9.790104760178593,0.7203611788543964,0.034062880106955774,0.03367516416750749,6.863242552710398e-08,1.0947209461720372e-08,0.10284698283575695,0.05971987589790609,0.0016986210153844517,0.02087977609092359,0.014224837728024629,0.0005616376036783237,3.281889506495788e-06,4.817603094304687e-07,0.011965202439078709
152,-9.75722888643496,0.7289948142320952,0.03436190111056932,0.033675706636698007,5.6318552397892515e-08,1.0143463857834861e-08,0.10284644036656644,0.05523813183597353,0.0015724291970363536,0.019312483911745552,0.013157339943056226,0.0005175580875135186,3.071221707343149e-06,4.4575290618181937e-07,0.010319611198291752
153,-9.72666751992871,0.7368821232804008,0.03463388776818227,0.033676249101794564,2.8524342448593348e-08,9.401196890897649e-09,0.10284589790146989,0.05109246830256918,0.0014557237890685882,0.01786282418857559,0.012169840714390532,0.0004773112807645584,2.8763326676099394e-06,4.1244872106726705e-07,0.008900346918626538
154,-9.69811609601862,0.7440925662037113,0.03488151418957557,0.03367679156279719,2.2157119207057428e-08,8.714918680120958e-09,0.10284535544046726,0.04725784725973618,0.0013478162582166013,0.016521976877632814,0.01125641229855234,0.0004403372179098628,2.6960826436035056e-06,3.816456015221185e-07,0.007676274047430515
155,-9.671326472999557,0.7506885434840472,0.03510715490007145,0.033677334019705914,3.173635028061195e-08,8.080329305024612e-09,0.10284481298355853,0.04371093951567945,0.001248049633959711,0.015281786106140532,0.010411519938446087,0.0004063905771233593,2.5293850006799363e-06,3.53156042980514e-07,0.0066205464425188555
156,-9.646093801967305,0.7567262495995487,0.03531291234886494,0.033677876472520775,3.255384847399871e-08,7.493468189237012e-09,0.10284427053074367,0.04043019318201437,0.0011557820432018964,0.01413470780428267,0.009630028458417027,0.0003752230628292672,2.3751811544188567e-06,3.268052755550544e-07,0.005710014421998762
157,-9.610779465329173,0.7648492107989439,0.0355884873330473,0.03367869057252809,1.8502821651958635e-08,6.6943484707664e-09,0.10284345643073635,0.03596274622185065,0.001030147448180212,0.012572776086193466,0.008565852165281137,0.00033310020602387626,2.1651572034553716e-06,2.909236817672675e-07,0.0045730514092250695
158,-9.578121999878825,0.7719777963875685,0.0358290929720865,0.03367950466331467,9.419265001275838e-09,5.983562181353092e-09,0.10284264233994976,0.03198920294707437,0.0009184041260562769,0.011183533909029387,0.007619311393777875,0.00029571851670712396,1.978302353187656e-06,2.590090037384162e-07,0.003662539973936343
159,-9.547749447939797,0.7782410550793752,0.03603950130453679,0.03368031874488063,1.6832716789982107e-08,5.351465990410889e-09,0.10284182825838381,0.02845504955676902,0.0008190328049866236,0.009947905588307318,0.0067774358580659656,0.0002624690470169129,1.8120916395623734e-06,2.3062402756806064e-07,0.0029333388015494967
160,-9.519362878049783,0.783749981088648,0.036223762939821894,0.03368113281722606,2.162901982043343e-08,4.78931404668687e-09,0.10284101418603837,0.025311653884724915,0.0007306588894826036,0.008848920938715312,0.006028651453973067,0.00023302019358523886,1.6642405771149714e-06,2.0537807221850795e-07,0.0023493075172194393
161,-9.492718437277796,0.788600224152677,0.03638533417724815,0.033681946880351074,1.5550703830531302e-08,4.289312275509415e-09,0.10284020012291337,0.022515813625768488,0.0006520572438953733,0.007871483482898421,0.00536265944011502,0.00020700064342435407,1.5327115120985112e-06,1.8292371879684914e-07,0.0018815447028295031
162,-9.46761459957431,0.7928744005371732,0.03652718520114402,0.03368276093425577,1.0296725967672857e-08,3.844629147960679e-09,0.10283938606900866,0.020029184779462323,0.000582152944901947,0.007002161434430375,0.004770317907328942,0.00018393783836452354,1.4157139262056841e-06,1.629529988870814e-07,0.0015069194920257257
163,-9.435231729834543,0.7979517379655694,0.0366950194039235,0.03368388296827776,9.19254299728905e-09,3.3112304056877093e-09,0.10283826403498667,0.01704623020751621,0.0004983036754166546,0.005959328432276906,0.004059739663605084,0.00015631100161370016,1.2753485592822561e-06,1.3899650682836026e-07,0.0011097557412096041
164,-9.40509681806381,0.8022278671017866,0.03683577801175219,0.033685004984783086,1.190093242441848e-08,2.8574601542858033e-09,0.10283714201848133,0.014508415930136083,0.0004269728506365032,0.005072115690932987,0.0034552041670055924,0.0001328204506064437,1.155915018047897e-06,1.1861522169587511e-07,0.0008173894471269347
165,-9.376917922776407,0.8058339013934451,0.036954035940606346,0.03368612698377202,9.708374748888388e-09,2.471391801332958e-09,0.10283602001949241,0.012349286587049908,0.000366285581344864,0.004317306090948741,0.0029408812091349765,0.00011291218710428185,1.0542852678819727e-06,1.0127522674202814e-07,0.0006020762095387995
166,-9.350456522733102,0.8088782967691914,0.03705354822855805,0.03368724896524483,5.9645576999140365e-09,2.142947245290605e-09,0.1028348980380196,0.01051234329627324,0.0003146571161928849,0.0036751449079074506,0.002503302347238088,9.60529783499541e-05,9.67812442819639e-07,8.652293782484044e-08,0.00044344485380812064
167,-9.325515229519112,0.8114510071186372,0.03713740231984263,0.033688370929201794,5.557296284290561e-09,1.8635511352706978e-09,0.10283377607406263,0.008949560713212451,0.000270738951961836,0.0031288270514670227,0.0021310264826876688,8.172769604435482e-05,8.942435021964796e-07,7.39726314953573e-08,0.0003265869695491621
168,-9.301928841689216,0.8136269330877789,0.03720814356245867,0.033689492875643184,6.09164832769485e-09,1.6258587592376632e-09,0.10283265412762124,0.007620051611030945,0.00023337649445524897,0.0026640545004648886,0.0018143204589811245,6.953372026768283e-05,8.316493684630767e-07,6.329565490982067e-08,0.00024053684191593342
169,-9.272763051130065,0.8159864988439425,0.0372846585653563,0.03369096715886637,5.500652782332156e-09,1.3665919856737498e-09,0.10283117984439806,0.0061699347680677025,0.00019262324168326496,0.0021571216244801786,0.0014688873397029135,5.624469506145685e-05,7.63367326894325e-07,5.16500292000479e-08,0.0001610619763779401
170,-9.245433284382369,0.8178837107258409,0.03734602791914935,0.03369244141184536,3.287179461953693e-09,1.156958994305464e-09,0.10282970559141907,0.004997380973782592,0.00015967212536627254,0.0017472299728670264,0.001189572777309081,4.554897599089366e-05,7.081516329266091e-07,4.2233604125741617e-08,0.00010795463966793757
171,-9.21972200786079,0.8194107621709139,0.03739532440122268,0.03369391563458078,2.560018713790529e-09,9.874704064458595e-10,0.10282823136868366,0.004049241272574783,0.0001330312255215705,0.0014157915292087907,0.0009637129116933671,3.6924290419992384e-05,6.635054602004908e-07,3.461958709437633e-08,7.236346556719013e-05
172,-9.195448195641005,0.8206409117312152,0.037434969042696775,0.03369538982707325,2.8156870845197463e-09,8.504169944718901e-10,0.10282675717619119,0.003282561776831593,0.00011148871142763009,0.0011477822168367794,0.0007810789880500522,2.993739902541749e-05,6.274009631085549e-07,2.8462736963547683e-08,4.846354379794455e-05
173,-9.172459591228913,0.8216324680733093,0.03746687757103931,0.03369686398932339,2.3335878391568266e-09,7.395820802811418e-10,0.10282528301394105,0.002662619679303756,9.406744009084774e-05,0.000931066948473456,0.0006334019449971663,2.428223005368898e-05,5.982021050049971e-07,2.348416235552701e-08,3.244429279072732e-05
174,-9.150626916823793,0.8224320678104338,0.03749257781857064,0.03369833812133182,1.6148539302753808e-09,6.499667237449921e-10,0.10282380888193261,0.002161338148901786,7.998157458775794e-05,0.0007558353882982464,0.0005139914387289979,1.972372265720224e-05,5.745922260642773e-07,1.945857876316058e-08,2.1740721577148614e-05
175,-9.123487796037432,0.823253277358518,0.03751894256510352,0.03370027688881229,1.147959808195876e-09,5.577015343792919e-10,0.10282187011445214,0.0016451726802715137,6.547924145432148e-05,0.000575403749870741,0.0003910343085417698,1.5044005438591858e-05,5.502828513751553e-07,1.5313573503513806e-08,1.2931728188501778e-05
176,-9.097945317124168,0.8238727604936383,0.037538810435535634,0.033702215603982726,1.3134129401098001e-09,4.879429331803445e-10,0.10281993139928171,0.0012549195228476128,5.4514533045854005e-05,0.00043898436261481546,0.00029807007154121566,1.1498974008700966e-05,5.319026263269318e-07,1.2179674499237008e-08,7.748662843971342e-06
177,-9.073822006411932,0.8243404882424642,0.03755379942726179,0.03370415426684453,1.1518832882414235e-09,4.3517971407831097e-10,0.1028179927364199,0.0009597925146162741,4.622121346805387e-05,0.0003358161770158623,0.00022776725672522553,8.810118112094719e-06,5.180002703312478e-07,9.809600468761125e-09,4.6285933321971274e-06
178,-9.050968429180058,0.8246938300700495,0.037565116268705845,0.033706092877399126,8.137690886079546e-10,3.9527089872820676e-10,0.1028160541258653,0.0007365537118297836,3.994836805806841e-05,0.0002577796643797161,0.0001745896616108645,6.782777684581487e-06,5.0748459964399e-07,8.016866566739008e-09,2.735707162424872e-06
179,-9.029257577509753,0.8249607727254185,0.037573661926636595,0.03370803143564791,7.458614692327919e-10,3.650916649349013e-10,0.10281411556761651,0.0005677068927541517,3.520480773703481e-05,0.00019875798458184607,0.00013436810603365316,5.255673928309798e-06,4.995322789243897e-07,6.660985049752511e-09,1.6175186663332273e-06
180,-9.008580595601838,0.8251624378508177,0.03758011492730783,0.03370996994159231,7.528476133501547e-10,3.4226942767661457e-10,0.1028121770616721,0.0004400300544967412,3.1617621793753475e-05,0.0001541268316278783,0.00010395345942536457,4.097927767796924e-06,4.935184908774296e-07,5.6356905491996595e-09,9.740174348910357e-07
181,-8.982760541351158,0.8253547694025363,0.037586266534501526,0.033712523789454635,6.868358903740484e-10,3.2048143408524045e-10,0.10280962321380978,0.0003181578797305366,2.819300855856943e-05,0.00011152393607996568,7.492185142537191e-05,2.988962262966898e-06,4.877772427261997e-07,4.656977967184734e-09,5.379233854483045e-07
182,-8.95838980050764,0.8254877127043393,0.03759051767667406,0.03371507754653618,5.424005261616251e-10,3.054138991059237e-10,0.10280706945672824,0.00023387363686672936,2.582471520915224e-05,8.206126683318802e-05,5.484474045433015e-05,2.2242937891477834e-06,4.83806830210622e-07,3.980129908697849e-09,3.0527222382801033e-07
183,-8.935314280500508,0.8255797790944567,0.037593461710619794,0.03371763121284017,5.152386349543506e-10,2.9498024723193565e-10,0.10280451579042425,0.00017549489466282136,2.4184763670549582e-05,6.165486931741801e-05,4.0938223279477366e-05,1.6977887293494296e-06,4.810573960101662e-07,3.5113428981349407e-09,1.5621915057546473e-07
184,-8.913403228166658,0.8256435983200685,0.037595502174490446,0.03372018478836982,5.237495324526111e-10,2.8774519686404496e-10,0.1028019622148946,0.00013501772891229,2.3047565382792665e-05,4.7505589735793945e-05,3.129579045159928e-05,1.331133153940288e-06,4.791508543629997e-07,3.186297840777885e-09,7.149273249021926e-08
185,-8.892544741996817,0.825687787655181,0.03759691454168405,0.033722738273128376,4.888724233673497e-10,2.8273140018271287e-10,0.10279940873013604,0.00010697594887387643,2.2259505390606065e-05,3.770290100562458e-05,2.4615915316027945e-05,1.0754415772144226e-06,4.778296771035125e-07,2.9610990425772126e-09,3.947182505630956e-08
186,-8.872642313732834,0.8257183440034884,0.03759789104427977,0.03372529166711905,4.6563916992001187e-10,2.7926363411255973e-10,0.10279685533614537,8.757705577838729e-05,2.171444751841835e-05,3.0921804622862754e-05,1.999500115048691e-05,8.996217689761957e-07,4.769158679099985e-07,2.805317145385029e-09,2.9498254993968095e-08
187,-8.84638174428684,0.8257457042386182,0.03759876541297946,0.033728844764419647,4.5660354327558715e-10,2.7615889684503845e-10,0.10279330223884478,7.020420915360342e-05,2.1226448771987277e-05,2.4849180247520145e-05,1.585663862641555e-05,7.432926470852405e-07,4.760976965015675e-07,2.6658136463490397e-09,2.4025713896592114e-08
188,-8.821618942288913,0.8257620465374601,0.037599287806919096,0.03373239768596401,4.6214884903273257e-10,2.743053343586271e-10,0.10278974931730041,5.983463096253101e-05,2.093510770561746e-05,2.122431931899382e-05,1.3386292072280786e-05,6.49223164160851e-07,4.756092524876899e-07,2.582541637682361e-09,1.009773483489019e-08
189,-8.798192237301572,0.8257719574765368,0.03759960460618362,0.03373595043176085,4.537752759858552e-10,2.7318093692292755e-10,0.10278619657150356,5.3547848165283776e-05,2.075837706017185e-05,1.9026502384450085e-05,1.1888685752467423e-05,5.91390696929757e-07,4.753129750220975e-07,2.5320500829876553e-09,-5.148545048456603e-10
190,-8.775964800191229,0.8257780227150584,0.03759979839544391,0.033739503001818855,4.481505904650814e-10,2.7249230657344816e-10,0.10278264400144556,4.969543525980884e-05,2.0650139356498042e-05,1.7679873495973697e-05,1.0971080659586087e-05,5.565420233701467e-07,4.751315087561473e-07,2.5011138820302517e-09,4.092504389102792e-10
191,-8.754819800849507,0.8257816844928125,0.037599915355028664,0.033743055396146714,4.496690114559788e-10,2.720763590785277e-10,0.1027790916071177,4.7366979801446845e-05,2.0584761114475225e-05,1.6866016505147398e-05,1.041639186990395e-05,5.358216317498113e-07,4.7502188913293314e-07,2.4824181401138583e-09,4.898814886878257e-09
192,-8.734656691163018,0.8257838531334665,0.03759998465108996,0.03374660761475312,4.48901601539518e-10,2.7183016091013356e-10,0.1027755393885113,4.599014628504893e-05,2.0546064112461643e-05,1.638469219173248e-05,1.0088371798412354e-05,5.232157037201161e-07,4.749570135355197e-07,2.4713607000976402e-09,4.519853803690198e-09
193,-8.704796249548192,0.825785460945004,0.037600036138264084,0.03375218035907272,4.4742296853186136e-10,2.7164841997404393e-10,0.1027699666441917,4.497503942732016e-05,2.051749838479603e-05,1.6029747388087327e-05,9.84652792670475e-06,5.135864682476582e-07,4.7490913341377346e-07,2.463206026390782e-09,-4.630218759171271e-09
194,-8.67685747994844,0.8257861453486962,0.03760005806061058,0.033757752670914694,4.4659960490241976e-10,2.715711733442088e-10,0.10276439433234973,4.454224186356644e-05,2.050535671860061e-05,1.5878511649267414e-05,9.743498075315446e-06,5.098531680276286e-07,4.7488877654198477e-07,2.4597317886811532e-09,-7.99289721126007e-09
195,-8.65060792787879,0.825786616345087,0.03760007301684168,0.0337633245503126,4.4712798231795336e-10,2.715170460305386e-10,0.10275882245295181,4.423837893443898e-05,2.0496849072810292e-05,1.5772357084605456e-05,9.671117579963863e-06,5.073832702548577e-07,4.748745043020679e-07,2.457293573990619e-09,-5.536317497119629e-10
196,-8.625854922251778,0.8257869632583013,0.037600084018497265,0.0337688959973,4.4698152264196007e-10,2.7147700517170964e-10,0.10275325100596441,4.401473270563994e-05,2.0490555713876763e-05,1.5694153438744274e-05,9.61781688572228e-06,5.052639690046975e-07,4.7486395159948894e-07,2.455496929804366e-09,5.107112551705285e-09
197,-8.602436984950586,0.8257871098796032,0.03760008873114874,0.033774467011910454,4.4671555779878156e-10,2.7146055788008614e-10,0.10274767999135397,4.392299255827172e-05,2.0487970548624662e-05,1.5662070231322172e-05,9.59597347637474e-06,5.043615495653629e-07,4.748596198908728e-07,2.454759742225895e-09,2.932756394828287e-09
198,-8.58021744078719,0.8257871204438358,0.03760008911602377,0.03378003759417751,4.4681271960728763e-10,2.7145973711260545e-10,0.1027421094090869,4.391813448018107e-05,2.0487841412596548e-05,1.5660388990942744e-05,9.594823384421563e-06,5.043862523359447e-07,4.748594038755439e-07,2.4547212211946767e-09,-2.223112559955054e-10
199,-8.546271749002313,0.8257869702295116,0.03760008436170303,0.033789116877919564,4.4702570614548416e-10,2.71477166353431e-10,0.10273303012534485,4.4015150172494995e-05,2.0490580755503406e-05,1.5694331956386928e-05,9.617938556768602e-06,5.053932143207816e-07,4.748639958268207e-07,2.4555011885966357e-09,-3.0789519496367265e-09
200,-8.514788073081617,0.8257869957008105,0.03760008509817379,0.03379819501316209,4.468823917402505e-10,2.7147365463204307e-10,0.10272395199010231,4.399595915548833e-05,2.0490029000465348e-05,1.5687594110385045e-05,9.61335289288856e-06,5.051012571026944e-07,4.7486307005243216e-07,2.4553462353602774e-09,2.0731410296951587e-09
201,-8.485433306114222,0.8257871771048645,0.03760009085485889,0.033807272000050376,4.4676064228049334e-10,2.7145274479517287e-10,0.10271487500321402,4.3879186682640833e-05,2.0486742529655468e-05,1.5646763340270475e-05,9.585538423607739e-06,5.039914701076823e-07,4.748575596645669e-07,2.454408140664004e-09,4.7329972049399284e-09
202,-8.457937682056675,0.8257872571982239,0.03760009345615402,0.03381634783872968,4.4676048192095697e-10,2.7144398500563063e-10,0.10270579916453472,4.383002032240935e-05,2.0485365576622873e-05,1.5629586700670633e-05,9.57382939205145e-06,5.035871839025629e-07,4.748552519078352e-07,2.454013611144357e-09,1.8741769374877882e-09
203,-8.43207966933189,0.8257871958784287,0.037600091520125195,0.03382542252934525,4.467782689895541e-10,2.7145112431251595e-10,0.10269672447391914,4.386997923962752e-05,2.0486487680428745e-05,1.5643553001703873e-05,9.583345676100262e-06,5.039424272614051e-07,4.748571341165183e-07,2.454334457307667e-09,2.0885665218418055e-10
204,-8.407675115616003,0.8257871506574571,0.03760009005136925,0.033834496072042315,4.467907320119867e-10,2.714560715424385e-10,0.10268765093122208,4.389771256080822e-05,2.048726533169214e-05,1.565324423802662e-05,9.589952294354649e-06,5.041797032243228e-07,4.7485843729522746e-07,2.4545570643917914e-09,1.8509875559150491e-09
205,-8.356201790712621,0.8257870072345214,0.03760008523309193,0.033855385833456354,4.4680600856487694e-10,2.7147052363399896e-10,0.10266676116980804,4.397889957033755e-05,2.048953738317972e-05,1.5681605252835445e-05,9.609291680733017e-06,5.048379285403154e-07,4.748622394690143e-07,2.455208424186573e-09,1.8271666787613373e-08
206,-8.310187828695486,0.825787123523897,0.03760008896625714,0.033876269510379524,4.467818437617669e-10,2.7145746723020636e-10,0.10264587749288487,4.390565802791285e-05,2.0487485136371158e-05,1.5656015121592276e-05,9.591845756228718e-06,5.042273648127588e-07,4.7485879841985924e-07,2.454620630954396e-09,1.7195635858605075e-08
207,-8.268585415851383,0.825787237735258,0.03760009280940093,0.03389714710458404,4.467584226084096e-10,2.714460014911329e-10,0.10262499989868035,4.384133649533198e-05,2.048568257674579e-05,1.563354012580298e-05,9.576523208100017e-06,5.036815314518784e-07,4.748557826151654e-07,2.4541044190597797e-09,3.613169432688118e-09
208,-8.230622159224518,0.825787223791656,0.03760009241964349,0.03391801861784159,4.467655242709036e-10,2.714480125321895e-10,0.1026041283854228,4.385259897636076e-05,2.048599856515114e-05,1.5637475860173988e-05,9.579206020734866e-06,5.037770418520155e-07,4.748563145142283e-07,2.4541948362032735e-09,-3.4656787565241774e-10
209,-8.19571228836209,0.8257871843497926,0.037600091124230885,0.03393888405192336,4.467804487280226e-10,2.714522198009725e-10,0.10258326295134103,4.3876137945841536e-05,2.0486659924086694e-05,1.5645704327464505e-05,9.584813381288304e-06,5.039917230285614e-07,4.748574220289862e-07,2.4543838612894126e-09,2.138339376771122e-09
210,-8.130854240454507,0.8257870997260738,0.03760008833512702,0.03398237695909366,4.4681216157378395e-10,2.7146117188428197e-10,0.10253977004417072,4.392621843086838e-05,2.048806716009387e-05,1.5663211221784054e-05,9.596743261736184e-06,5.044504026659973e-07,4.7485977818322624e-07,2.454786032238646e-09,8.163853937537957e-09
211,-8.074435468870915,0.8257871675717464,0.03760009056720984,0.034025843452716725,4.467870007447615e-10,2.7145396422206803e-10,0.10249630355054767,4.3885886791095496e-05,2.048693414769375e-05,1.5649112919567115e-05,9.587135634240906e-06,5.040839361797728e-07,4.748578809549132e-07,2.4544621677194033e-09,3.62458848633005e-09
212,-8.02451047927211,0.8257872142298793,0.03760009209538446,0.03406928354883367,4.467689221298338e-10,2.714489540213208e-10,0.10245286345443073,4.385786489155477e-05,2.0486146582300006e-05,1.5639316842485012e-05,9.580460474026122e-06,5.038261202904141e-07,4.7485656197389e-07,2.4542371265590484e-09,9.78291203079485e-10
213,-7.979737519252386,0.8257872007141726,0.03760009165175323,0.0341126972634759,4.467740960702372e-10,2.714503979400699e-10,0.10240944973978851,4.386594168601718e-05,2.0486373557413938e-05,1.5642140324926457e-05,9.582384470496408e-06,5.039002228892204e-07,4.748569420696654e-07,2.454301988676456e-09,1.8120266860572191e-09
214,-7.939152022484878,0.8257871910432375,0.03760009133900074,0.03415608461266506,4.467779549122208e-10,2.714514671237285e-10,0.10236606239059935,4.387192183119939e-05,2.048654161697222e-05,1.5644230854463216e-05,9.583809009820011e-06,5.039549342707657e-07,4.7485722368631436e-07,2.4543500139948747e-09,2.0775195262837975e-09
215,-7.848964612005399,0.8257871543249369,0.037600090150520314,0.034268202150481965,4.46792557646251e-10,2.7145551858571353e-10,0.10225394485278244,4.389458319251037e-05,2.0487178447894393e-05,1.5652152734332877e-05,9.589207211913343e-06,5.041621166997795e-07,4.7485829078561474e-07,2.4545320012938697e-09,3.1575720085572993e-09
216,-7.774323617983981,0.8257871887171535,0.03760009126629196,0.03438014363015947,4.467789531997175e-10,2.714517436018068e-10,0.10214200337310493,4.387346859275368e-05,2.0486585070146543e-05,1.5644771523554575e-05,9.584177471830344e-06,5.039688324778476e-07,4.748572965985908e-07,2.454362434928597e-09,1.96221732547566e-09
217,-7.710649174029998,0.8257872017889606,0.03760009168700594,0.0344919093281616,4.467736895689876e-10,2.714502829266427e-10,0.1020302376751028,4.386529806092003e-05,2.0486355477997664e-05,1.564191534437631e-05,9.582231149307124e-06,5.038943928094318e-07,4.7485691179122393e-07,2.454296820462008e-09,1.746555890584719e-09
218,-7.655127769520175,0.8257871964860068,0.037600091515772795,0.03460349952051825,4.4677580786099374e-10,2.714508711926544e-10,0.10191864748274616,4.3868588615754954e-05,2.0486447944123305e-05,1.564306563260441e-05,9.583014998029641e-06,5.039244098219396e-07,4.7485706674749276e-07,2.454323245706102e-09,1.8731783224913207e-09
219,-7.605906543786846,0.8257871961763011,0.03760009150618183,0.03471491448282586,4.4677594285677324e-10,2.714509086938219e-10,0.10180723252043855,4.3868798458188185e-05,2.0486453837906624e-05,1.5643138979715986e-05,9.583064986115233e-06,5.03926279244613e-07,4.7485707664036124e-07,2.454324930720685e-09,1.8515831216874664e-09
220,-7.477243386338804,0.8257871906247156,0.03760009132871815,0.03507227215996749,4.4677821010949356e-10,2.714515383850095e-10,0.10144987484329693,4.387232104305957e-05,2.0486552811846284e-05,1.564437034610929e-05,9.583904110635316e-06,5.03958221115038e-07,4.748572425725609e-07,2.4543532186514137e-09,1.8602287423877264e-09
221,-7.378113956180437,0.8257871961203154,0.0376000915045961,0.035427827114058154,4.467759715718064e-10,2.714509166718712e-10,0.10109431988920627,4.38688430983823e-05,2.048645509149927e-05,1.5643154582135313e-05,9.583075619991676e-06,5.03926671612458e-07,4.748570787498952e-07,2.4543252891726023e-09,1.8434509908619515e-09
222,-7.297459374926357,0.8257871972232487,0.03760009153984489,0.035781588441017545,4.467755209915779e-10,2.714507915302288e-10,0.10074055856224687,4.3868143026119784e-05,2.0486435421893406e-05,1.5642909863588376e-05,9.58290885396805e-06,5.039203272716185e-07,4.7485704577306027e-07,2.454319667299156e-09,1.8441231460810207e-09
223,-7.229463254784782,0.8257871970985788,0.03760009153586032,0.036133565191041,4.467755719257475e-10,2.7145080567641024e-10,0.1003885818122234,4.386822216268493e-05,2.0486437645393405e-05,1.564293752660708e-05,9.582927705201356e-06,5.039210449639169e-07,4.7485704950083713e-07,2.4543203028008327e-09,1.844420884163636e-09
224,-6.978890686593803,0.8257871970591889,0.03760009153461306,0.037999359496001216,4.4677558837448787e-10,2.714508102450139e-10,0.09852278750726319,4.38682477180864e-05,2.0486438363453986e-05,1.564294645988104e-05,9.582933792830321e-06,5.03921276826063e-07,4.748570507051532e-07,2.4543205080251355e-09,1.8445793952066849e-09
225,-6.821011142097079,0.8257871971055932,0.037600091536103414,0.03981515956398745,4.467755696287909e-10,2.7145080503872446e-10,0.09670698743927694,4.386821859297438e-05,2.0486437545122712e-05,1.5642936278781705e-05,9.582926854861413e-06,5.039210125234523e-07,4.7485704933347263e-07,2.454320274137729e-09,1.8443628311509751e-09
226,-6.705472890924317,0.8257871971060998,0.037600091536121136,0.04158220441167438,4.4677556946770214e-10,2.714508049940041e-10,0.09493994259159001,4.386821834260237e-05,2.048643753809061e-05,1.564293619126088e-05,9.582926795219524e-06,5.039210102527916e-07,4.7485704932174287e-07,2.4543202721274143e-09,1.844361874375282e-09
227,-6.569793809786762,0.8257871970918798,0.037600091535663696,0.0442605473461294,4.4677557518976564e-10,2.714508065831982e-10,0.09226159965713499,4.386822723299359e-05,2.0486437787883524e-05,1.564293929902575e-05,9.58292891302361e-06,5.039210909296416e-07,4.7485704974041436e-07,2.4543203435210106e-09,1.8444272178184915e-09
228,-6.466564815961424,0.825787197198014,0.03760009153905897,0.04682640394530722,4.467755319118658e-10,2.714507945633259e-10,0.08969574305795718,4.386815999300863e-05,2.0486435898613672e-05,1.5642915794309676e-05,9.58291289560193e-06,5.039204807795113e-07,4.7485704657310216e-07,2.4543198035520304e-09,1.8439510442183175e-09
229,-6.383221423217584,0.8257871969962248,0.03760009153259703,0.049284857347963555,4.467756139954759e-10,2.714508173608912e-10,0.08723728965530084,4.3868287524999016e-05,2.048643948192217e-05,1.5642960374976742e-05,9.582943275349144e-06,5.03921638036949e-07,4.748570525801663e-07,2.4543208276932075e-09,1.8448572431391284e-09
230,-6.313325905423958,0.8257871974005986,0.03760009154554345,0.05164046761912148,4.467754494159021e-10,2.714507716511972e-10,0.08488167938414291,4.386803182056913e-05,2.0486432297303782e-05,1.564287098975881e-05,9.582882363290939e-06,5.039193176944309e-07,4.748570405357445e-07,2.454318774267101e-09,1.8430298020460589e-09
231,-6.23108003584813,0.8257871971071135,0.037600091536147004,0.054779090038913236,4.467755688569648e-10,2.714508048242935e-10,0.08174305696435116,4.38682173940782e-05,2.0486437511428653e-05,1.5642935859691473e-05,9.582926569269599e-06,5.039210016504405e-07,4.7485704927678675e-07,2.4543202645091106e-09,1.8443582971831581e-09
232,-6.161957394450939,0.8257871971048226,0.0376000915360739,0.05773499282992386,4.4677556979656087e-10,2.7145080508525636e-10,0.07878715417334055,4.386821885392142e-05,2.0486437552446183e-05,1.564293636999908e-05,9.58292691702267e-06,5.039210148899854e-07,4.7485704934555894e-07,2.4543202762323373e-09,1.8443638261332722e-09
233,-6.102340682824772,0.8257871971057081,0.03760009153610234,0.06051881256680158,4.467755694385546e-10,2.714508049858262e-10,0.07600333443646282,4.386821829767996e-05,2.0486437536817642e-05,1.5642936175557483e-05,9.582926784518925e-06,5.039210098453274e-07,4.7485704931936196e-07,2.4543202717654897e-09,1.84436170664418e-09
234,-6.0499286436139235,0.8257871971055636,0.03760009153609774,0.0631405703904615,4.4677556949845894e-10,2.714508050024642e-10,0.0733815766128029,4.3868218390751664e-05,2.048643753943273e-05,1.5642936208091937e-05,9.582926806689775e-06,5.03921010689426e-07,4.748570493237474e-07,2.4543202725129028e-09,1.8443620702125366e-09
235,-5.955218862501252,0.82578719710519,0.037600091536085616,0.06825727335514606,4.467755696455952e-10,2.7145080504332715e-10,0.06826487364811834,4.386821861936761e-05,2.048643754585586e-05,1.5642936288007676e-05,9.582926861148996e-06,5.039210127627931e-07,4.7485704933450887e-07,2.454320274348759e-09,1.8443629462151385e-09
236,-5.8775106549216725,0.8257871971050149,0.03760009153607961,0.07275747562480275,4.4677556970479593e-10,2.714508050597633e-10,0.06376467137846165,4.3868218711382136e-05,2.0486437548440385e-05,1.5642936320176835e-05,9.582926883070869e-06,5.039210135972947e-07,4.7485704933882524e-07,2.4543202750877146e-09,1.844363294122593e-09
237,-5.811619102975437,0.8257871971054495,0.03760009153609323,0.07671510842580907,4.4677556951904824e-10,2.7145080500817125e-10,0.059807038577455326,4.386821842279136e-05,2.048643754033147e-05,1.5642936219291813e-05,9.582926814322104e-06,5.039210109799869e-07,4.7485704932522025e-07,2.4543202727700343e-09,1.8443621889537502e-09
238,-5.754420270293613,0.825787197105492,0.037600091536094525,0.08019506813320719,4.467755694995174e-10,2.7145080500274593e-10,0.05632707887005722,4.386821839245041e-05,2.0486437539478857e-05,1.564293620868573e-05,9.582926807094512e-06,5.039210107048189e-07,4.74857049323788e-07,2.4543202725263693e-09,1.8443620736418555e-09
239,-5.703885617441194,0.8257871971054934,0.037600091536094594,0.08325489281058483,4.4677556949990945e-10,2.7145080500285527e-10,0.053267254192679574,4.3868218393057735e-05,2.0486437539495974e-05,1.5642936208898028e-05,9.582926807239182e-06,5.039210107103255e-07,4.74857049323818e-07,2.4543202725312525e-09,1.8443620748704824e-09
240,-5.658623056247718,0.8257871971054962,0.03760009153609472,0.08594543287421454,4.4677556949975916e-10,2.714508050028139e-10,0.05057671412904988,4.386821839282221e-05,2.048643753948941e-05,1.5642936208815696e-05,9.582926807183075e-06,5.039210107081905e-07,4.7485704932380825e-07,2.4543202725293674e-09,1.8443620743909205e-09
241,-5.617635733246001,0.8257871971054965,0.03760009153609473,0.08831137074573316,4.4677556949977317e-10,2.7145080500281784e-10,0.04821077625753125,4.386821839284392e-05,2.0486437539490028e-05,1.5642936208823285e-05,9.582926807188243e-06,5.039210107083871e-07,4.748570493238095e-07,2.4543202725295423e-09,1.84436207443728e-09
242,-5.580185263416619,0.8257871971054959,0.037600091536094706,0.09039189068184529,4.467755694997773e-10,2.714508050028188e-10,0.04613025632141911,4.386821839285077e-05,2.048643753949021e-05,1.564293620882568e-05,9.582926807189878e-06,5.039210107084492e-07,4.748570493238094e-07,2.4543202725295957e-09,1.8443620744500004e-09
243,-5.534872839870195,0.8257871971054955,0.037600091536094685,0.09277712715621306,4.467755694996531e-10,2.7145080500278423e-10,0.04374501984705135,4.386821839265785e-05,2.048643753948478e-05,1.564293620875824e-05,9.58292680714392e-06,5.039210107067001e-07,4.7485704932379994e-07,2.454320272528045e-09,1.8443620739705027e-09
244,-5.493844640009683,0.8257871971054859,0.03760009153609439,0.09478693584787852,4.4677556950402224e-10,2.714508050039978e-10,0.041735211155385886,4.3868218399445414e-05,2.0486437539675515e-05,1.5642936211130932e-05,9.58292680876081e-06,5.039210107682555e-07,4.748570493241202e-07,2.454320272582556e-09,1.8443620983734354e-09
245,-5.456360050714426,0.8257871971054862,0.03760009153609437,0.09648038538959053,4.46775569504517e-10,2.714508050041361e-10,0.04004176161367388,4.3868218400213524e-05,2.048643753969712e-05,1.5642936211399407e-05,9.582926808943762e-06,5.03921010775223e-07,4.7485704932415754e-07,2.4543202725887254e-09,1.8443621020354184e-09
246,-5.421855317469406,0.8257871971054678,0.037600091536093914,0.09790750163737759,4.4677556951219644e-10,2.714508050062675e-10,0.03861464536588682,4.386821841214445e-05,2.0486437540032356e-05,1.5642936215570093e-05,9.582926811785915e-06,5.039210108834173e-07,4.7485704932471934e-07,2.4543202726845427e-09,1.8443621420648455e-09
247,-5.389891361001508,0.8257871971055452,0.03760009153609604,0.09911031447364727,4.467755694806589e-10,2.71450804997513e-10,0.037411832529617134,4.386821836314599e-05,2.0486437538655633e-05,1.5642936198441823e-05,9.5829268001137e-06,5.03921010439072e-07,4.748570493224126e-07,2.454320272291045e-09,1.8443619730992562e-09
248,-5.360119525059219,0.8257871971053551,0.03760009153609103,0.1001240258521041,4.467755695576328e-10,2.7145080501887714e-10,0.03639812115116029,4.386821848273612e-05,2.048643754201579e-05,1.564293624024678e-05,9.582926828602066e-06,5.03921011523574e-07,4.748570493280409e-07,2.45432027325146e-09,1.8443623811343708e-09
249,-5.316190841775957,0.8257871971054979,0.037600091536094796,0.10142945757121564,4.4677556949981856e-10,2.714508050028307e-10,0.035092689432048754,4.386821839291312e-05,2.048643753949201e-05,1.564293620884747e-05,9.582926807204727e-06,5.039210107090147e-07,4.748570493238136e-07,2.4543202725301015e-09,1.8443620745630322e-09
250,-5.276300202837731,0.8257871971054992,0.03760009153609485,0.10242077428944622,4.467755694996813e-10,2.7145080500279277e-10,0.03410137271381818,4.386821839269917e-05,2.0486437539486023e-05,1.5642936208772687e-05,9.582926807153759e-06,5.039210107070752e-07,4.7485704932380396e-07,2.4543202725283863e-09,1.8443620741765562e-09
251,-5.239767327744896,0.8257871971054994,0.037600091536094865,0.10317368768736167,4.4677556949984514e-10,2.714508050028384e-10,0.03334845931590274,4.3868218392953204e-05,2.0486437539493172e-05,1.5642936208861487e-05,9.582926807214274e-06,5.039210107093785e-07,4.7485704932381635e-07,2.454320272530428e-09,1.8443620746347837e-09
252,-5.206070567960657,0.8257871971054995,0.03760009153609487,0.10374578364130956,4.467755694997543e-10,2.714508050028131e-10,0.03277636336195485,4.386821839281213e-05,2.0486437539489208e-05,1.5642936208812176e-05,9.582926807180668e-06,5.039210107080994e-07,4.7485704932380973e-07,2.4543202725292946e-09,1.8443620743797821e-09
253,-5.174801123350712,0.8257871971054992,0.03760009153609485,0.10418054277251887,4.467755694997827e-10,2.7145080500282094e-10,0.03234160423074554,4.386821839285647e-05,2.0486437539490445e-05,1.5642936208827676e-05,9.582926807191233e-06,5.039210107085014e-07,4.7485704932381153e-07,2.45432027252965e-09,1.8443620744605997e-09
254,-5.145632670076929,0.8257871971054992,0.03760009153609486,0.10451083134062118,4.4677556949977906e-10,2.7145080500281996e-10,0.03201131566264324,4.386821839285089e-05,2.048643753949029e-05,1.5642936208825725e-05,9.582926807189902e-06,5.039210107084508e-07,4.7485704932381127e-07,2.4543202725296056e-09,1.8443620744499123e-09
255,-5.111584750770882,0.8257871971055001,0.037600091536094886,0.10481531463526364,4.4677556949954187e-10,2.7145080500275404e-10,0.03170683236800079,4.3868218392482234e-05,2.048643753947994e-05,1.5642936208696857e-05,9.58292680710208e-06,5.039210107051082e-07,4.7485704932379427e-07,2.4543202725266455e-09,1.844362073782667e-09
256,-5.080013163815141,0.8257871971055002,0.037600091536094886,0.1050307955076383,4.4677556949959445e-10,2.714508050027688e-10,0.031491351495626124,4.3868218392563664e-05,2.0486437539482232e-05,1.5642936208725324e-05,9.582926807121482e-06,5.039210107058466e-07,4.748570493237981e-07,2.4543202725272994e-09,1.844362073931641e-09
257,-5.0505819916696195,0.8257871971055017,0.03760009153609492,0.10518341500139798,4.46775569498977e-10,2.714508050025969e-10,0.03133873200186645,4.3868218391604653e-05,2.0486437539455293e-05,1.5642936208390086e-05,9.582926806893029e-06,5.039210106971511e-07,4.7485704932375356e-07,2.454320272519598e-09,1.8443620721939884e-09
258,-5.023019348188321,0.8257871971054952,0.03760009153609477,0.1052916167045285,4.467755695015649e-10,2.714508050033172e-10,0.031230530298735935,4.386821839562417e-05,2.0486437539568192e-05,1.5642936209795168e-05,9.582926807850552e-06,5.039210107335966e-07,4.748570493239402e-07,2.4543202725518774e-09,1.844362079478908e-09
259,-4.997102072425467,0.8257871971055137,0.037600091536095226,0.10536833364020153,4.4677556949400364e-10,2.7145080500121223e-10,0.031153813363062915,4.3868218383880275e-05,2.0486437539238334e-05,1.564293620568991e-05,9.58292680505293e-06,5.03921010627113e-07,4.748570493233952e-07,2.454320272457567e-09,1.8443620581781152e-09
260,-4.972644739203247,0.8257871971054517,0.03760009153609369,0.10542268856267413,4.467755695192016e-10,2.714508050082269e-10,0.031099458440590307,4.3868218423016986e-05,2.0486437540337606e-05,1.564293621937074e-05,9.582926814376045e-06,5.039210109819715e-07,4.748570493252116e-07,2.4543202727718587e-09,1.844362129186919e-09
261,-4.943376878208181,0.8257871971054996,0.03760009153609488,0.10546950296775702,4.467755694998054e-10,2.7145080500282735e-10,0.03105264403550741,4.386821839289126e-05,2.0486437539491437e-05,1.5642936208839836e-05,9.58292680719952e-06,5.039210107088168e-07,4.748570493238135e-07,2.4543202725299307e-09,1.8443620744886087e-09
262,-4.9159575113434,0.8257871971054999,0.037600091536094886,0.10549964577331136,4.4677556949975523e-10,2.7145080500281344e-10,0.03102250122995306,4.386821839281313e-05,2.0486437539489245e-05,1.5642936208812525e-05,9.582926807180906e-06,5.039210107081086e-07,4.748570493238099e-07,2.4543202725293037e-09,1.8443620744136343e-09
263,-4.890166951271026,0.8257871971054997,0.03760009153609488,0.10551915159432454,4.467755694997943e-10,2.7145080500282435e-10,0.031002995408939894,4.386821839287418e-05,2.0486437539490953e-05,1.5642936208833863e-05,9.582926807195448e-06,5.03921010708662e-07,4.7485704932381275e-07,2.4543202725297934e-09,1.8443620744722603e-09
264,-4.865822487282949,0.8257871971054997,0.03760009153609488,0.10553181425625842,4.4677556949977384e-10,2.7145080500281867e-10,0.030990332747006,4.386821839284224e-05,2.0486437539490062e-05,1.5642936208822703e-05,9.58292680718784e-06,5.039210107083726e-07,4.748570493238112e-07,2.454320272529537e-09,1.844362074441542e-09
265,-4.842770526015253,0.8257871971054997,0.03760009153609488,0.10554000197894564,4.4677556949977994e-10,2.7145080500282037e-10,0.030982145024318782,4.38682183928519e-05,2.048643753949033e-05,1.5642936208826077e-05,9.582926807190143e-06,5.0392101070846e-07,4.748570493238117e-07,2.4543202725296147e-09,1.8443620744508897e-09
266,-4.820880715313208,0.8257871971054997,0.037600091536094886,0.10554526462076956,4.467755694997792e-10,2.714508050028201e-10,0.030976882382494866,4.386821839285069e-05,2.0486437539490296e-05,1.5642936208825657e-05,9.582926807189855e-06,5.039210107084491e-07,4.7485704932381164e-07,2.454320272529605e-09,1.8443620744496768e-09
267,-4.790644143128677,0.8257871971054997,0.03760009153609488,0.10554968391032106,4.4677556949977927e-10,2.7145080500282017e-10,0.030972463092943367,4.386821839285072e-05,2.04864375394903e-05,1.5642936208825667e-05,9.582926807189863e-06,5.039210107084494e-07,4.748570493238116e-07,2.454320272529605e-09,1.8443620744496909e-09
268,-4.762376380374118,0.8257871971054997,0.03760009153609488,0.10555197581632887,4.4677556949977927e-10,2.7145080500282017e-10,0.030970171186935562,4.3868218392850646e-05,2.0486437539490296e-05,1.5642936208825637e-05,9.582926807189843e-06,5.039210107084485e-07,4.748570493238116e-07,2.4543202725296048e-09,1.8443620744496495e-09
269,-4.735836633957015,0.8257871971054997,0.03760009153609488,0.10555327336428712,4.4677556949977917e-10,2.714508050028201e-10,0.03096887363897732,4.386821839285065e-05,2.0486437539490292e-05,1.564293620882564e-05,9.582926807189846e-06,5.039210107084488e-07,4.7485704932381164e-07,2.4543202725296048e-09,1.8443620744496586e-09
270,-4.710825751479658,0.8257871971054997,0.037600091536094886,0.10555404240910013,4.4677556949977927e-10,2.714508050028201e-10,0.030968104594164318,4.386821839285065e-05,2.04864375394903e-05,1.5642936208825643e-05,9.582926807189846e-06,5.039210107084488e-07,4.7485704932381164e-07,2.4543202725296048e-09,1.8443620744496565e-09
271,-4.687177140978402,0.8257871971054997,0.03760009153609488,0.10555445253744787,4.467755694997793e-10,2.714508050028201e-10,0.030967694465816573,4.386821839285066e-05,2.04864375394903e-05,1.5642936208825643e-05,9.582926807189848e-06,5.039210107084488e-07,4.748570493238117e-07,2.454320272529605e-09,1.844362074449657e-09
272,-4.664750038305101,0.8257871971054997,0.03760009153609488,0.10555464022831797,4.4677556949977927e-10,2.7145080500282017e-10,0.030967506774946477,4.386821839285065e-05,2.04864375394903e-05,1.5642936208825643e-05,9.582926807189846e-06,5.039210107084488e-07,4.748570493238116e-07,2.4543202725296048e-09,1.8443620744496567e-09
273,-4.630371167305702,0.8257871971054997,0.03760009153609488,0.10555465545056059,4.467755694997792e-10,2.7145080500282006e-10,0.030967491552703848,4.386821839285065e-05,2.0486437539490292e-05,1.5642936208825637e-05,9.582926807189844e-06,5.039210107084487e-07,4.748570493238116e-07,2.4543202725296048e-09,1.8443620744496567e-09
274,-4.598515240677797,0.8257871971054997,0.03760009153609488,0.10555467227025185,4.4677556949977917e-10,2.7145080500282006e-10,0.030967474733012593,4.386821839285065e-05,2.0486437539490292e-05,1.5642936208825637e-05,9.582926807189844e-06,5.039210107084487e-07,4.748570493238116e-07,2.4543202725296044e-09,1.844362074449657e-09
275,-4.5688371412550195,0.8257871971054996,0.03760009153609487,0.10555480215125482,4.467755694997791e-10,2.7145080500282006e-10,0.03096734485200963,4.3868218392850646e-05,2.0486437539490292e-05,1.5642936208825637e-05,9.582926807189843e-06,5.039210107084487e-07,4.748570493238116e-07,2.454320272529604e-09,1.8443620744496563e-09
276,-4.541058054762037,0.8257871971054996,0.03760009153609488,0.10555490677823892,4.4677556949977917e-10,2.714508050028201e-10,0.030967240225025523,4.3868218392850646e-05,2.0486437539490292e-05,1.564293620882564e-05,9.582926807189843e-06,5.039210107084485e-07,4.7485704932381153e-07,2.4543202725296048e-09,1.8443620744496565e-09
277,-4.514949503303298,0.8257871971054996,0.03760009153609487,0.10555490476454661,4.467755694997792e-10,2.7145080500282006e-10,0.030967242238717826,4.3868218392850646e-05,2.0486437539490296e-05,1.564293620882564e-05,9.582926807189844e-06,5.039210107084487e-07,4.7485704932381153e-07,2.4543202725296048e-09,1.8443620744496563e-09
278,-4.490321913300816,0.8257871971054996,0.03760009153609487,0.10555486934485464,4.4677556949977906e-10,2.7145080500282006e-10,0.030967277658409793,4.3868218392850646e-05,2.0486437539490292e-05,1.564293620882564e-05,9.582926807189843e-06,5.039210107084485e-07,4.748570493238116e-07,2.4543202725296044e-09,1.8443620744496563e-09
279,-4.451409247394581,0.8257871971054996,0.03760009153609487,0.10555475288937383,4.467755694997792e-10,2.7145080500282006e-10,0.030967394113890608,4.386821839285065e-05,2.0486437539490292e-05,1.5642936208825637e-05,9.582926807189843e-06,5.039210107084485e-07,4.748570493238116e-07,2.4543202725296044e-09,1.8443620744496565e-09
280,-4.415698242653083,0.8257871971054996,0.03760009153609487,0.10555476735224256,4.4677556949977917e-10,2.7145080500282006e-10,0.03096737965102188,4.3868218392850646e-05,2.0486437539490292e-05,1.5642936208825637e-05,9.582926807189844e-06,5.039210107084487e-07,4.7485704932381153e-07,2.4543202725296044e-09,1.8443620744496565e-09
281,-4.382701864621401,0.8257871971054996,0.03760009153609487,0.10555486372158239,4.467755694997792e-10,2.7145080500282006e-10,0.030967283281682058,4.3868218392850646e-05,2.0486437539490292e-05,1.5642936208825637e-05,9.582926807189843e-06,5.039210107084487e-07,4.748570493238116e-07,2.4543202725296044e-09,1.8443620744496563e-09
282,-4.3520363975807665,0.8257871971054996,0.03760009153609488,0.10555491577878355,4.467755694997791e-10,2.7145080500282006e-10,0.030967231224480897,4.3868218392850646e-05,2.0486437539490292e-05,1.5642936208825637e-05,9.582926807189844e-06,5.039210107084485e-07,4.7485704932381153e-07,2.4543202725296044e-09,1.8443620744496565e-09
283,-4.323394140870641,0.8257871971054996,0.03760009153609488,0.10555490740153874,4.4677556949977917e-10,2.7145080500282006e-10,0.03096723960172571,4.3868218392850646e-05,2.0486437539490292e-05,1.564293620882564e-05,9.582926807189844e-06,5.039210107084487e-07,4.748570493238115e-07,2.4543202725296044e-09,1.8443620744496565e-09
284,-4.273611888235489,0.8257871971054997,0.03760009153609488,0.10555485701080898,4.467755694997792e-10,2.714508050028201e-10,0.03096728999245547,4.386821839285065e-05,2.0486437539490296e-05,1.564293620882564e-05,9.582926807189846e-06,5.039210107084488e-07,4.748570493238116e-07,2.4543202725296048e-09,1.8443620744496565e-09
285,-4.228953734927187,0.8257871971054997,0.03760009153609488,0.10555486654585644,4.4677556949977917e-10,2.714508050028201e-10,0.030967280457408007,4.3868218392850646e-05,2.0486437539490296e-05,1.564293620882564e-05,9.582926807189843e-06,5.039210107084487e-07,4.748570493238116e-07,2.4543202725296048e-09,1.8443620744496567e-09
286,-4.188462581966411,0.8257871971054997,0.03760009153609488,0.10555489248451486,4.4677556949977927e-10,2.714508050028201e-10,0.030967254518749595,4.386821839285066e-05,2.04864375394903e-05,1.564293620882564e-05,9.582926807189846e-06,5.039210107084488e-07,4.7485704932381164e-07,2.4543202725296048e-09,1.844362074449657e-09
287,-4.151426730130993,0.8257871971054997,0.03760009153609488,0.10555490138739278,4.467755694997792e-10,2.714508050028201e-10,0.030967245615871677,4.386821839285065e-05,2.0486437539490296e-05,1.564293620882564e-05,9.582926807189844e-06,5.039210107084487e-07,4.7485704932381164e-07,2.4543202725296048e-09,1.8443620744496565e-09
288,-4.035371447186489,0.8257871971054996,0.03760009153609487,0.10555492376645854,4.4677556949977917e-10,2.7145080500282006e-10,0.0309672232368059,4.3868218392850646e-05,2.0486437539490292e-05,1.5642936208825637e-05,9.582926807189843e-06,5.039210107084487e-07,4.7485704932381153e-07,2.4543202725296044e-09,1.8443620744496565e-09
289,-3.9438800565293666,0.8257871971054996,0.03760009153609488,0.10555490274644191,4.467755694997791e-10,2.7145080500282006e-10,0.030967244256822523,4.386821839285064e-05,2.0486437539490292e-05,1.5642936208825637e-05,9.582926807189843e-06,5.039210107084487e-07,4.7485704932381153e-07,2.4543202725296044e-09,1.8443620744496563e-09
290,-3.868349153244637,0.8257871971054996,0.03760009153609488,0.105554896614158,4.467755694997792e-10,2.714508050028201e-10,0.030967250389106433,4.386821839285065e-05,2.0486437539490296e-05,1.564293620882564e-05,9.582926807189846e-06,5.039210107084487e-07,4.7485704932381153e-07,2.4543202725296048e-09,1.8443620744496563e-09
291,-3.8040286649169595,0.8257871971054996,0.03760009153609487,0.10555489802197329,4.467755694997791e-10,2.7145080500282006e-10,0.03096724898129114,4.386821839285064e-05,2.048643753949029e-05,1.5642936208825637e-05,9.582926807189843e-06,5.039210107084487e-07,4.748570493238115e-07,2.4543202725296044e-09,1.8443620744496563e-09
292,-3.5503062089744235,0.8257871971054996,0.03760009153609487,0.10555489831425693,4.4677556949977906e-10,2.7145080500282006e-10,0.030967248689007493,4.386821839285064e-05,2.048643753949029e-05,1.5642936208825637e-05,9.582926807189843e-06,5.039210107084485e-07,4.748570493238116e-07,2.454320272529604e-09,1.8443620744496563e-09
293,-3.3912030150690304,0.8257871971054996,0.03760009153609488,0.10555489823876225,4.467755694997792e-10,2.714508050028201e-10,0.03096724876450217,4.386821839285065e-05,2.0486437539490296e-05,1.564293620882564e-05,9.582926807189844e-06,5.039210107084487e-07,4.748570493238116e-07,2.4543202725296048e-09,1.8443620744496563e-09
294,-3.2750141816671188,0.8257871971054996,0.03760009153609488,0.10555489823481402,4.4677556949977917e-10,2.714508050028201e-10,0.030967248768450396,4.386821839285065e-05,2.0486437539490296e-05,1.564293620882564e-05,9.582926807189844e-06,5.039210107084487e-07,4.7485704932381153e-07,2.4543202725296044e-09,1.8443620744496565e-09
295,-2.7503114923414733,0.8257871971054996,0.03760009153609488,0.10555489823524491,4.4677556949977917e-10,2.7145080500282006e-10,0.030967248768019498,4.3868218392850646e-05,2.0486437539490292e-05,1.564293620882564e-05,9.582926807189843e-06,5.039210107084487e-07,4.7485704932381153e-07,2.4543202725296044e-09,1.8443620744496565e-09
296,-2.51954149215507,0.8257871971054996,0.03760009153609487,0.1055548982352455,4.4677556949977917e-10,2.7145080500282006e-10,0.030967248768018908,4.386821839285065e-05,2.0486437539490292e-05,1.5642936208825637e-05,9.582926807189844e-06,5.039210107084487e-07,4.7485704932381153e-07,2.4543202725296044e-09,1.8443620744496565e-09
297,-1.810102397807736,0.8257871971054996,0.03760009153609487,0.1055548982352455,4.467755694997792e-10,2.714508050028201e-10,0.030967248768018908,4.386821839285065e-05,2.0486437539490292e-05,1.5642936208825637e-05,9.582926807189844e-06,5.039210107084485e-07,4.748570493238115e-07,2.4543202725296044e-09,1.8443620744496561e-09
298,-1.5536820870354302,0.8257871971054996,0.03760009153609488,0.1055548982352455,4.4677556949977917e-10,2.7145080500282006e-10,0.03096724876801891,4.3868218392850646e-05,2.0486437539490292e-05,1.5642936208825637e-05,9.582926807189843e-06,5.039210107084485e-07,4.748570493238116e-07,2.4543202725296044e-09,1.8443620744496565e-09
299,-0.8165604048736025,0.8257871971054995,0.03760009153609487,0.1055548982352455,4.4677556949977917e-10,2.7145080500282e-10,0.03096724876801891,4.3868218392850646e-05,2.0486437539490292e-05,1.5642936208825637e-05,9.582926807189844e-06,5.039210107084487e-07,4.748570493238114e-07,2.454320272529604e-09,1.8443620744496561e-09
300,-0.5572485293480463,0.8257871971054995,0.03760009153609487,0.1055548982352455,4.4677556949977917e-10,2.7145080500282006e-10,0.03096724876801891,4.3868218392850646e-05,2.048643753949029e-05,1.5642936208825637e-05,9.582926807189843e-06,5.039210107084485e-07,4.7485704932381153e-07,2.4543202725296044e-09,1.844362074449656e-09
301,0.0,0.8257871971055022,0.03760009153609499,0.1055548982352455,4.4677556949978056e-10,2.7145080500282094e-10,0.03096724876801891,4.386821839285078e-05,2.0486437539490357e-05,1.5642936208825688e-05,9.582926807189875e-06,5.039210107084502e-07,4.74857049323813e-07,2.454320272529612e-09,1.8443620744496621e-09
